Date,Teams_Result,JerseyNo,Player,Position,Goals,Penalties,YellowCards,RedCards,IsSubstitute,Temperature,Humidity,Precipitation,WindSpeed,Pressure,MC_Goals,Match_ID
2021-08-15,Tottenham Hotspur 1:0 Manchester City,13,Zack Steffen,Goalkeeper,0,0,0,0,0,21.3,13.2,0.0,65.60000000000001,172.64999999999998,0,0
2021-08-15,Tottenham Hotspur 1:0 Manchester City,79,Luke Mbete-Tabu,Defender,0,0,0,0,0,21.3,13.2,0.0,65.60000000000001,172.64999999999998,0,0
2021-08-15,Tottenham Hotspur 1:0 Manchester City,22,Benjamin Mendy,Defender,0,0,0,0,0,21.3,13.2,0.0,65.60000000000001,172.64999999999998,0,0
2021-08-15,Tottenham Hotspur 1:0 Manchester City,94,Finley Burns,Defender,0,0,0,0,0,21.3,13.2,0.0,65.60000000000001,172.64999999999998,0,0
2021-08-15,Tottenham Hotspur 1:0 Manchester City,97,Josh Wilson-Esbrand,Defender,0,0,0,0,0,21.3,13.2,0.0,65.60000000000001,172.64999999999998,0,0
2021-08-15,Tottenham Hotspur 1:0 Manchester City,20,Bernardo Silva,Midfielder/Forward,0,0,1,0,0,21.3,13.2,0.0,65.60000000000001,172.64999999999998,0,0
2021-08-15,Tottenham Hotspur 1:0 Manchester City,8,İlkay Gündogan,Midfielder,0,0,0,0,0,21.3,13.2,0.0,65.60000000000001,172.64999999999998,0,0
2021-08-15,Tottenham Hotspur 1:0 Manchester City,47,Phil Foden,Midfielder/Forward,0,0,0,0,0,21.3,13.2,0.0,65.60000000000001,172.64999999999998,0,0
2021-08-15,Tottenham Hotspur 1:0 Manchester City,26,Riyad Mahrez,Midfielder/Forward,0,0,0,0,0,21.3,13.2,0.0,65.60000000000001,172.64999999999998,0,0
2021-08-15,Tottenham Hotspur 1:0 Manchester City,47,Phil Foden,Midfielder/Forward,0,0,0,0,0,21.3,13.2,0.0,65.60000000000001,172.64999999999998,0,0
2021-08-15,Tottenham Hotspur 1:0 Manchester City,7,Raheem Sterling,Midfielder/Forward,0,1,0,0,0,21.3,13.2,0.0,65.60000000000001,172.64999999999998,0,0
2021-08-15,Tottenham Hotspur 1:0 Manchester City,9,Gabriel Jesus,Forward,0,0,0,0,1,21.3,13.2,0.0,65.60000000000001,172.64999999999998,0,0
2021-08-15,Tottenham Hotspur 1:0 Manchester City,11,Olexsandr Zinchenko,Defender/Midfielder,0,0,0,0,1,21.3,13.2,0.0,65.60000000000001,172.64999999999998,0,0
2021-08-15,Tottenham Hotspur 1:0 Manchester City,79,Luke Mbete-Tabu,Defender,0,0,0,0,1,21.3,13.2,0.0,65.60000000000001,172.64999999999998,0,0
2021-08-15,Tottenham Hotspur 1:0 Manchester City,3,Rúben Dias,Defender,0,0,0,0,1,21.3,13.2,0.0,65.60000000000001,172.64999999999998,0,0
2021-08-21,Manchester City 5:0 Norwich City,31,Ederson,Goalkeeper,0,0,0,0,0,21.3,13.2,0.0,65.60000000000001,172.64999999999998,0,1
2021-08-21,Manchester City 5:0 Norwich City,6,Nathan Aké,Defender,0,0,0,0,0,21.3,13.2,0.0,65.60000000000001,172.64999999999998,0,1
2021-08-21,Manchester City 5:0 Norwich City,2,Kyle Walker,Defender,0,0,0,0,0,21.3,13.2,0.0,65.60000000000001,172.64999999999998,0,1
2021-08-21,Manchester City 5:0 Norwich City,14,Aymeric Laporte,Defender,0,0,1,0,0,21.3,13.2,0.0,65.60000000000001,172.64999999999998,0,1
2021-08-21,Manchester City 5:0 Norwich City,27,João Cancelo,Defender,0,0,0,0,0,21.3,13.2,0.0,65.60000000000001,172.64999999999998,0,1
2021-08-21,Manchester City 5:0 Norwich City,11,Olexsandr Zinchenko,Defender/Midfielder,0,0,0,0,0,21.3,13.2,0.0,65.60000000000001,172.64999999999998,0,1
2021-08-21,Manchester City 5:0 Norwich City,80,Cole Palmer,Midfielder/Forward,0,0,0,0,0,21.3,13.2,0.0,65.60000000000001,172.64999999999998,0,1
2021-08-21,Manchester City 5:0 Norwich City,8,İlkay Gündogan,Midfielder,0,0,1,0,0,21.3,13.2,0.0,65.60000000000001,172.64999999999998,0,1
2021-08-21,Manchester City 5:0 Norwich City,17,Kevin De Bruyne,Midfielder/Forward,0,0,0,0,0,21.3,13.2,0.0,65.60000000000001,172.64999999999998,0,1
2021-08-21,Manchester City 5:0 Norwich City,80,Cole Palmer,Midfielder/Forward,0,0,0,0,0,21.3,13.2,0.0,65.60000000000001,172.64999999999998,0,1
2021-08-21,Manchester City 5:0 Norwich City,7,Raheem Sterling,Midfielder/Forward,0,0,0,0,0,21.3,13.2,0.0,65.60000000000001,172.64999999999998,0,1
2021-08-21,Manchester City 5:0 Norwich City,8,İlkay Gündogan,Midfielder,0,0,0,0,1,21.3,13.2,0.0,65.60000000000001,172.64999999999998,0,1
2021-08-21,Manchester City 5:0 Norwich City,26,Riyad Mahrez,Midfielder/Forward,0,0,0,0,1,21.3,13.2,0.0,65.60000000000001,172.64999999999998,0,1
2021-08-21,Manchester City 5:0 Norwich City,87,James McAtee,Midfielder,0,0,0,0,1,21.3,13.2,0.0,65.60000000000001,172.64999999999998,0,1
2021-08-21,Manchester City 5:0 Norwich City,27,João Cancelo,Defender,0,0,0,0,1,21.3,13.2,0.0,65.60000000000001,172.64999999999998,0,1
2021-08-28,Manchester City 5:0 Arsenal,13,Zack Steffen,Goalkeeper,0,0,0,0,0,21.3,13.2,0.0,65.60000000000001,172.64999999999998,0,2
2021-08-28,Manchester City 5:0 Arsenal,11,Olexsandr Zinchenko,Defender/Midfielder,0,0,0,0,0,21.3,13.2,0.0,65.60000000000001,172.64999999999998,0,2
2021-08-28,Manchester City 5:0 Arsenal,5,John Stones,Defender,0,0,0,0,0,21.3,13.2,0.0,65.60000000000001,172.64999999999998,0,2
2021-08-28,Manchester City 5:0 Arsenal,27,João Cancelo,Defender,0,0,0,0,0,21.3,13.2,0.0,65.60000000000001,172.64999999999998,0,2
2021-08-28,Manchester City 5:0 Arsenal,25,Fernandinho,Defender/Midfielder,0,0,0,0,0,21.3,13.2,0.0,65.60000000000001,172.64999999999998,0,2
2021-08-28,Manchester City 5:0 Arsenal,47,Phil Foden,Midfielder/Forward,0,0,0,0,0,21.3,13.2,0.0,65.60000000000001,172.64999999999998,0,2
2021-08-28,Manchester City 5:0 Arsenal,90,Roméo Lavia,Midfielder,0,0,1,0,0,21.3,13.2,0.0,65.60000000000001,172.64999999999998,0,2
2021-08-28,Manchester City 5:0 Arsenal,25,Fernandinho,Defender/Midfielder,0,0,0,0,0,21.3,13.2,0.0,65.60000000000001,172.64999999999998,0,2
2021-08-28,Manchester City 5:0 Arsenal,80,Cole Palmer,Midfielder/Forward,0,0,0,0,0,21.3,13.2,0.0,65.60000000000001,172.64999999999998,0,2
2021-08-28,Manchester City 5:0 Arsenal,20,Bernardo Silva,Midfielder/Forward,0,0,0,0,0,21.3,13.2,0.0,65.60000000000001,172.64999999999998,0,2
2021-08-28,Manchester City 5:0 Arsenal,47,Phil Foden,Midfielder/Forward,0,0,0,0,0,21.3,13.2,0.0,65.60000000000001,172.64999999999998,0,2
2021-08-28,Manchester City 5:0 Arsenal,47,Phil Foden,Midfielder/Forward,0,0,0,0,1,21.3,13.2,0.0,65.60000000000001,172.64999999999998,0,2
2021-08-28,Manchester City 5:0 Arsenal,16,Rodri,Midfielder,0,0,0,0,1,21.3,13.2,0.0,65.60000000000001,172.64999999999998,0,2
2021-08-28,Manchester City 5:0 Arsenal,20,Bernardo Silva,Midfielder/Forward,0,0,0,0,1,21.3,13.2,0.0,65.60000000000001,172.64999999999998,0,2
2021-08-28,Manchester City 5:0 Arsenal,48,Liam Delap,Forward,0,0,0,0,1,21.3,13.2,0.0,65.60000000000001,172.64999999999998,0,2
2021-09-11,Leicester City 0:1 Manchester City,31,Ederson,Goalkeeper,0,0,0,0,0,17.900000000000002,9.9,0.0,126.5,136.3,1,3
2021-09-11,Leicester City 0:1 Manchester City,2,Kyle Walker,Defender,0,0,0,0,0,17.900000000000002,9.9,0.0,126.5,136.3,1,3
2021-09-11,Leicester City 0:1 Manchester City,22,Benjamin Mendy,Defender,0,0,0,0,0,17.900000000000002,9.9,0.0,126.5,136.3,1,3
2021-09-11,Leicester City 0:1 Manchester City,14,Aymeric Laporte,Defender,1,0,1,0,0,17.900000000000002,9.9,0.0,126.5,136.3,1,3
2021-09-11,Leicester City 0:1 Manchester City,25,Fernandinho,Defender/Midfielder,0,0,0,0,0,17.900000000000002,9.9,0.0,126.5,136.3,1,3
2021-09-11,Leicester City 0:1 Manchester City,7,Raheem Sterling,Midfielder/Forward,0,0,0,0,0,17.900000000000002,9.9,0.0,126.5,136.3,1,3
2021-09-11,Leicester City 0:1 Manchester City,10,Jack Grealish,Midfielder/Forward,0,0,0,0,0,17.900000000000002,9.9,0.0,126.5,136.3,1,3
2021-09-11,Leicester City 0:1 Manchester City,21,Ferran Torres,Midfielder/Forward,0,0,0,0,0,17.900000000000002,9.9,0.0,126.5,136.3,1,3
2021-09-11,Leicester City 0:1 Manchester City,56,CJ Egan-Riley,Defender/Midfielder,0,0,0,0,0,17.900000000000002,9.9,0.0,126.5,136.3,1,3
2021-09-11,Leicester City 0:1 Manchester City,17,Kevin De Bruyne,Midfielder/Forward,1,1,0,0,0,17.900000000000002,9.9,0.0,126.5,136.3,1,3
2021-09-11,Leicester City 0:1 Manchester City,80,Cole Palmer,Midfielder/Forward,0,0,0,0,0,17.900000000000002,9.9,0.0,126.5,136.3,1,3
2021-09-11,Leicester City 0:1 Manchester City,48,Liam Delap,Forward,0,0,0,0,1,17.900000000000002,9.9,0.0,126.5,136.3,1,3
2021-09-11,Leicester City 0:1 Manchester City,17,Kevin De Bruyne,Midfielder/Forward,0,0,0,0,1,17.900000000000002,9.9,0.0,126.5,136.3,1,3
2021-09-11,Leicester City 0:1 Manchester City,10,Jack Grealish,Midfielder/Forward,0,0,0,0,1,17.900000000000002,9.9,0.0,126.5,136.3,1,3
2021-09-11,Leicester City 0:1 Manchester City,33,Scott Carson,Goalkeeper,0,0,0,0,1,17.900000000000002,9.9,0.0,126.5,136.3,1,3
2021-09-18,Manchester City 0:0 Southampton,13,Zack Steffen,Goalkeeper,0,0,0,0,0,17.900000000000002,9.9,0.0,126.5,136.3,0,4
2021-09-18,Manchester City 0:0 Southampton,27,João Cancelo,Defender,0,0,1,0,0,17.900000000000002,9.9,0.0,126.5,136.3,0,4
2021-09-18,Manchester City 0:0 Southampton,11,Olexsandr Zinchenko,Defender/Midfielder,0,0,0,0,0,17.900000000000002,9.9,0.0,126.5,136.3,0,4
2021-09-18,Manchester City 0:0 Southampton,14,Aymeric Laporte,Defender,0,0,1,0,0,17.900000000000002,9.9,0.0,126.5,136.3,0,4
2021-09-18,Manchester City 0:0 Southampton,56,CJ Egan-Riley,Defender/Midfielder,0,0,0,0,0,17.900000000000002,9.9,0.0,126.5,136.3,0,4
2021-09-18,Manchester City 0:0 Southampton,7,Raheem Sterling,Midfielder/Forward,0,0,0,0,0,17.900000000000002,9.9,0.0,126.5,136.3,0,4
2021-09-18,Manchester City 0:0 Southampton,10,Jack Grealish,Midfielder/Forward,0,0,0,0,0,17.900000000000002,9.9,0.0,126.5,136.3,0,4
2021-09-18,Manchester City 0:0 Southampton,21,Ferran Torres,Midfielder/Forward,0,0,0,0,0,17.900000000000002,9.9,0.0,126.5,136.3,0,4
2021-09-18,Manchester City 0:0 Southampton,53,Sam Edozie,Midfielder/Forward,0,0,0,0,0,17.900000000000002,9.9,0.0,126.5,136.3,0,4
2021-09-18,Manchester City 0:0 Southampton,26,Riyad Mahrez,Midfielder/Forward,0,1,0,0,0,17.900000000000002,9.9,0.0,126.5,136.3,0,4
2021-09-18,Manchester City 0:0 Southampton,47,Phil Foden,Midfielder/Forward,0,0,0,0,0,17.900000000000002,9.9,0.0,126.5,136.3,0,4
2021-09-18,Manchester City 0:0 Southampton,56,CJ Egan-Riley,Defender/Midfielder,0,0,0,0,1,17.900000000000002,9.9,0.0,126.5,136.3,0,4
2021-09-18,Manchester City 0:0 Southampton,87,James McAtee,Midfielder,0,0,0,0,1,17.900000000000002,9.9,0.0,126.5,136.3,0,4
2021-09-18,Manchester City 0:0 Southampton,11,Olexsandr Zinchenko,Defender/Midfielder,0,0,0,0,1,17.900000000000002,9.9,0.0,126.5,136.3,0,4
2021-09-18,Manchester City 0:0 Southampton,8,İlkay Gündogan,Midfielder,0,0,0,0,1,17.900000000000002,9.9,0.0,126.5,136.3,0,4
2021-09-25,Chelsea 0:1 Manchester City,31,Ederson,Goalkeeper,0,0,0,0,0,17.900000000000002,9.9,0.0,126.5,136.3,1,5
2021-09-25,Chelsea 0:1 Manchester City,2,Kyle Walker,Defender,0,0,0,0,0,17.900000000000002,9.9,0.0,126.5,136.3,1,5
2021-09-25,Chelsea 0:1 Manchester City,25,Fernandinho,Defender/Midfielder,0,0,0,0,0,17.900000000000002,9.9,0.0,126.5,136.3,1,5
2021-09-25,Chelsea 0:1 Manchester City,11,Olexsandr Zinchenko,Defender/Midfielder,0,0,0,0,0,17.900000000000002,9.9,0.0,126.5,136.3,1,5
2021-09-25,Chelsea 0:1 Manchester City,27,João Cancelo,Defender,0,0,0,0,0,17.900000000000002,9.9,0.0,126.5,136.3,1,5
2021-09-25,Chelsea 0:1 Manchester City,17,Kevin De Bruyne,Midfielder/Forward,0,0,0,0,0,17.900000000000002,9.9,0.0,126.5,136.3,1,5
2021-09-25,Chelsea 0:1 Manchester City,11,Olexsandr Zinchenko,Defender/Midfielder,0,0,0,0,0,17.900000000000002,9.9,0.0,126.5,136.3,1,5
2021-09-25,Chelsea 0:1 Manchester City,16,Rodri,Midfielder,1,0,0,0,0,17.900000000000002,9.9,0.0,126.5,136.3,1,5
2021-09-25,Chelsea 0:1 Manchester City,47,Phil Foden,Midfielder/Forward,1,0,0,0,0,17.900000000000002,9.9,0.0,126.5,136.3,1,5
2021-09-25,Chelsea 0:1 Manchester City,10,Jack Grealish,Midfielder/Forward,0,0,0,0,0,17.900000000000002,9.9,0.0,126.5,136.3,1,5
2021-09-25,Chelsea 0:1 Manchester City,21,Ferran Torres,Midfielder/Forward,0,0,0,0,0,17.900000000000002,9.9,0.0,126.5,136.3,1,5
2021-09-25,Chelsea 0:1 Manchester City,10,Jack Grealish,Midfielder/Forward,0,0,0,0,1,17.900000000000002,9.9,0.0,126.5,136.3,1,5
2021-09-25,Chelsea 0:1 Manchester City,17,Kevin De Bruyne,Midfielder/Forward,0,0,0,0,1,17.900000000000002,9.9,0.0,126.5,136.3,1,5
2021-09-25,Chelsea 0:1 Manchester City,3,Rúben Dias,Defender,0,0,0,0,1,17.900000000000002,9.9,0.0,126.5,136.3,1,5
2021-09-25,Chelsea 0:1 Manchester City,9,Gabriel Jesus,Forward,0,0,0,0,1,17.900000000000002,9.9,0.0,126.5,136.3,1,5
2021-10-03,Liverpool 2:2 Manchester City,13,Zack Steffen,Goalkeeper,0,0,0,0,0,12.633333333333333,6.233333333333333,1.0,135.86666666666667,78.55,2,6
2021-10-03,Liverpool 2:2 Manchester City,3,Rúben Dias,Defender,0,0,0,0,0,12.633333333333333,6.233333333333333,1.0,135.86666666666667,78.55,2,6
2021-10-03,Liverpool 2:2 Manchester City,2,Kyle Walker,Defender,0,0,0,0,0,12.633333333333333,6.233333333333333,1.0,135.86666666666667,78.55,2,6
2021-10-03,Liverpool 2:2 Manchester City,5,John Stones,Defender,0,0,0,0,0,12.633333333333333,6.233333333333333,1.0,135.86666666666667,78.55,2,6
2021-10-03,Liverpool 2:2 Manchester City,14,Aymeric Laporte,Defender,0,0,0,0,0,12.633333333333333,6.233333333333333,1.0,135.86666666666667,78.55,2,6
2021-10-03,Liverpool 2:2 Manchester City,7,Raheem Sterling,Midfielder/Forward,0,0,1,0,0,12.633333333333333,6.233333333333333,1.0,135.86666666666667,78.55,2,6
2021-10-03,Liverpool 2:2 Manchester City,21,Ferran Torres,Midfielder/Forward,0,0,0,0,0,12.633333333333333,6.233333333333333,1.0,135.86666666666667,78.55,2,6
2021-10-03,Liverpool 2:2 Manchester City,11,Olexsandr Zinchenko,Defender/Midfielder,0,0,1,0,0,12.633333333333333,6.233333333333333,1.0,135.86666666666667,78.55,2,6
2021-10-03,Liverpool 2:2 Manchester City,47,Phil Foden,Midfielder/Forward,0,0,0,0,0,12.633333333333333,6.233333333333333,1.0,135.86666666666667,78.55,2,6
2021-10-03,Liverpool 2:2 Manchester City,9,Gabriel Jesus,Forward,2,0,0,0,0,12.633333333333333,6.233333333333333,1.0,135.86666666666667,78.55,2,6
2021-10-03,Liverpool 2:2 Manchester City,26,Riyad Mahrez,Midfielder/Forward,0,0,0,0,0,12.633333333333333,6.233333333333333,1.0,135.86666666666667,78.55,2,6
2021-10-03,Liverpool 2:2 Manchester City,10,Jack Grealish,Midfielder/Forward,0,0,0,0,1,12.633333333333333,6.233333333333333,1.0,135.86666666666667,78.55,2,6
2021-10-03,Liverpool 2:2 Manchester City,14,Aymeric Laporte,Defender,0,0,0,0,1,12.633333333333333,6.233333333333333,1.0,135.86666666666667,78.55,2,6
2021-10-03,Liverpool 2:2 Manchester City,11,Olexsandr Zinchenko,Defender/Midfielder,0,0,0,0,1,12.633333333333333,6.233333333333333,1.0,135.86666666666667,78.55,2,6
2021-10-03,Liverpool 2:2 Manchester City,79,Luke Mbete-Tabu,Defender,0,0,0,0,1,12.633333333333333,6.233333333333333,1.0,135.86666666666667,78.55,2,6
2021-10-16,Manchester City 2:0 Burnley,31,Ederson,Goalkeeper,0,0,0,0,0,12.633333333333333,6.233333333333333,1.0,135.86666666666667,78.55,0,7
2021-10-16,Manchester City 2:0 Burnley,6,Nathan Aké,Defender,0,0,0,0,0,12.633333333333333,6.233333333333333,1.0,135.86666666666667,78.55,0,7
2021-10-16,Manchester City 2:0 Burnley,14,Aymeric Laporte,Defender,0,0,0,0,0,12.633333333333333,6.233333333333333,1.0,135.86666666666667,78.55,0,7
2021-10-16,Manchester City 2:0 Burnley,25,Fernandinho,Defender/Midfielder,0,0,0,0,0,12.633333333333333,6.233333333333333,1.0,135.86666666666667,78.55,0,7
2021-10-16,Manchester City 2:0 Burnley,2,Kyle Walker,Defender,0,0,0,0,0,12.633333333333333,6.233333333333333,1.0,135.86666666666667,78.55,0,7
2021-10-16,Manchester City 2:0 Burnley,10,Jack Grealish,Midfielder/Forward,0,0,1,0,0,12.633333333333333,6.233333333333333,1.0,135.86666666666667,78.55,0,7
2021-10-16,Manchester City 2:0 Burnley,11,Olexsandr Zinchenko,Defender/Midfielder,0,0,0,0,0,12.633333333333333,6.233333333333333,1.0,135.86666666666667,78.55,0,7
2021-10-16,Manchester City 2:0 Burnley,7,Raheem Sterling,Midfielder/Forward,0,0,0,0,0,12.633333333333333,6.233333333333333,1.0,135.86666666666667,78.55,0,7
2021-10-16,Manchester City 2:0 Burnley,8,İlkay Gündogan,Midfielder,0,0,0,0,0,12.633333333333333,6.233333333333333,1.0,135.86666666666667,78.55,0,7
2021-10-16,Manchester City 2:0 Burnley,10,Jack Grealish,Midfielder/Forward,0,0,0,0,0,12.633333333333333,6.233333333333333,1.0,135.86666666666667,78.55,0,7
2021-10-16,Manchester City 2:0 Burnley,47,Phil Foden,Midfielder/Forward,0,0,0,0,0,12.633333333333333,6.233333333333333,1.0,135.86666666666667,78.55,0,7
2021-10-16,Manchester City 2:0 Burnley,48,Liam Delap,Forward,0,0,0,0,1,12.633333333333333,6.233333333333333,1.0,135.86666666666667,78.55,0,7
2021-10-16,Manchester City 2:0 Burnley,87,James McAtee,Midfielder,0,0,0,0,1,12.633333333333333,6.233333333333333,1.0,135.86666666666667,78.55,0,7
2021-10-16,Manchester City 2:0 Burnley,9,Gabriel Jesus,Forward,0,0,0,0,1,12.633333333333333,6.233333333333333,1.0,135.86666666666667,78.55,0,7
2021-10-16,Manchester City 2:0 Burnley,47,Phil Foden,Midfielder/Forward,0,0,0,0,1,12.633333333333333,6.233333333333333,1.0,135.86666666666667,78.55,0,7
2021-10-23,Brighton and Hove Albion 1:4 Manchester City,31,Ederson,Goalkeeper,0,0,0,0,0,12.633333333333333,6.233333333333333,1.0,135.86666666666667,78.55,4,8
2021-10-23,Brighton and Hove Albion 1:4 Manchester City,27,João Cancelo,Defender,0,0,0,0,0,12.633333333333333,6.233333333333333,1.0,135.86666666666667,78.55,4,8
2021-10-23,Brighton and Hove Albion 1:4 Manchester City,5,John Stones,Defender,0,0,0,0,0,12.633333333333333,6.233333333333333,1.0,135.86666666666667,78.55,4,8
2021-10-23,Brighton and Hove Albion 1:4 Manchester City,14,Aymeric Laporte,Defender,0,0,0,0,0,12.633333333333333,6.233333333333333,1.0,135.86666666666667,78.55,4,8
2021-10-23,Brighton and Hove Albion 1:4 Manchester City,25,Fernandinho,Defender/Midfielder,0,0,0,0,0,12.633333333333333,6.233333333333333,1.0,135.86666666666667,78.55,4,8
2021-10-23,Brighton and Hove Albion 1:4 Manchester City,16,Rodri,Midfielder,2,0,1,0,0,12.633333333333333,6.233333333333333,1.0,135.86666666666667,78.55,4,8
2021-10-23,Brighton and Hove Albion 1:4 Manchester City,25,Fernandinho,Defender/Midfielder,0,0,1,0,0,12.633333333333333,6.233333333333333,1.0,135.86666666666667,78.55,4,8
2021-10-23,Brighton and Hove Albion 1:4 Manchester City,47,Phil Foden,Midfielder/Forward,0,0,0,0,0,12.633333333333333,6.233333333333333,1.0,135.86666666666667,78.55,4,8
2021-10-23,Brighton and Hove Albion 1:4 Manchester City,20,Bernardo Silva,Midfielder/Forward,1,0,0,0,0,12.633333333333333,6.233333333333333,1.0,135.86666666666667,78.55,4,8
2021-10-23,Brighton and Hove Albion 1:4 Manchester City,9,Gabriel Jesus,Forward,2,0,0,0,0,12.633333333333333,6.233333333333333,1.0,135.86666666666667,78.55,4,8
2021-10-23,Brighton and Hove Albion 1:4 Manchester City,10,Jack Grealish,Midfielder/Forward,0,0,0,0,0,12.633333333333333,6.233333333333333,1.0,135.86666666666667,78.55,4,8
2021-10-23,Brighton and Hove Albion 1:4 Manchester City,26,Riyad Mahrez,Midfielder/Forward,0,0,0,0,1,12.633333333333333,6.233333333333333,1.0,135.86666666666667,78.55,4,8
2021-10-23,Brighton and Hove Albion 1:4 Manchester City,47,Phil Foden,Midfielder/Forward,0,0,0,0,1,12.633333333333333,6.233333333333333,1.0,135.86666666666667,78.55,4,8
2021-10-23,Brighton and Hove Albion 1:4 Manchester City,5,John Stones,Defender,0,0,0,0,1,12.633333333333333,6.233333333333333,1.0,135.86666666666667,78.55,4,8
2021-10-23,Brighton and Hove Albion 1:4 Manchester City,11,Olexsandr Zinchenko,Defender/Midfielder,0,0,0,0,1,12.633333333333333,6.233333333333333,1.0,135.86666666666667,78.55,4,8
2021-10-30,Manchester City 0:2 Crystal Palace,31,Ederson,Goalkeeper,0,0,0,0,0,12.633333333333333,6.233333333333333,1.0,135.86666666666667,78.55,2,9
2021-10-30,Manchester City 0:2 Crystal Palace,5,John Stones,Defender,0,0,0,0,0,12.633333333333333,6.233333333333333,1.0,135.86666666666667,78.55,2,9
2021-10-30,Manchester City 0:2 Crystal Palace,11,Olexsandr Zinchenko,Defender/Midfielder,0,0,0,0,0,12.633333333333333,6.233333333333333,1.0,135.86666666666667,78.55,2,9
2021-10-30,Manchester City 0:2 Crystal Palace,3,Rúben Dias,Defender,0,0,0,0,0,12.633333333333333,6.233333333333333,1.0,135.86666666666667,78.55,2,9
2021-10-30,Manchester City 0:2 Crystal Palace,14,Aymeric Laporte,Defender,0,0,0,0,0,12.633333333333333,6.233333333333333,1.0,135.86666666666667,78.55,2,9
2021-10-30,Manchester City 0:2 Crystal Palace,11,Olexsandr Zinchenko,Defender/Midfielder,1,0,0,0,0,12.633333333333333,6.233333333333333,1.0,135.86666666666667,78.55,2,9
2021-10-30,Manchester City 0:2 Crystal Palace,7,Raheem Sterling,Midfielder/Forward,0,0,0,0,0,12.633333333333333,6.233333333333333,1.0,135.86666666666667,78.55,2,9
2021-10-30,Manchester City 0:2 Crystal Palace,8,İlkay Gündogan,Midfielder,0,0,0,0,0,12.633333333333333,6.233333333333333,1.0,135.86666666666667,78.55,2,9
2021-10-30,Manchester City 0:2 Crystal Palace,17,Kevin De Bruyne,Midfielder/Forward,1,0,0,0,0,12.633333333333333,6.233333333333333,1.0,135.86666666666667,78.55,2,9
2021-10-30,Manchester City 0:2 Crystal Palace,9,Gabriel Jesus,Forward,0,0,0,0,0,12.633333333333333,6.233333333333333,1.0,135.86666666666667,78.55,2,9
2021-10-30,Manchester City 0:2 Crystal Palace,17,Kevin De Bruyne,Midfielder/Forward,0,0,0,0,0,12.633333333333333,6.233333333333333,1.0,135.86666666666667,78.55,2,9
2021-10-30,Manchester City 0:2 Crystal Palace,37,Kayky,Forward,0,0,0,0,1,12.633333333333333,6.233333333333333,1.0,135.86666666666667,78.55,2,9
2021-10-30,Manchester City 0:2 Crystal Palace,9,Gabriel Jesus,Forward,0,0,0,0,1,12.633333333333333,6.233333333333333,1.0,135.86666666666667,78.55,2,9
2021-10-30,Manchester City 0:2 Crystal Palace,8,İlkay Gündogan,Midfielder,0,0,0,0,1,12.633333333333333,6.233333333333333,1.0,135.86666666666667,78.55,2,9
2021-10-30,Manchester City 0:2 Crystal Palace,17,Kevin De Bruyne,Midfielder/Forward,0,0,0,0,1,12.633333333333333,6.233333333333333,1.0,135.86666666666667,78.55,2,9
2021-11-06,Manchester United 0:2 Manchester City,31,Ederson,Goalkeeper,0,0,0,0,0,8.066666666666666,3.6,4.666666666666667,139.79999999999998,36.35,2,10
2021-11-06,Manchester United 0:2 Manchester City,11,Olexsandr Zinchenko,Defender/Midfielder,0,0,0,0,0,8.066666666666666,3.6,4.666666666666667,139.79999999999998,36.35,2,10
2021-11-06,Manchester United 0:2 Manchester City,5,John Stones,Defender,0,0,0,0,0,8.066666666666666,3.6,4.666666666666667,139.79999999999998,36.35,2,10
2021-11-06,Manchester United 0:2 Manchester City,3,Rúben Dias,Defender,0,0,0,0,0,8.066666666666666,3.6,4.666666666666667,139.79999999999998,36.35,2,10
2021-11-06,Manchester United 0:2 Manchester City,2,Kyle Walker,Defender,0,0,0,0,0,8.066666666666666,3.6,4.666666666666667,139.79999999999998,36.35,2,10
2021-11-06,Manchester United 0:2 Manchester City,10,Jack Grealish,Midfielder/Forward,0,0,0,0,0,8.066666666666666,3.6,4.666666666666667,139.79999999999998,36.35,2,10
2021-11-06,Manchester United 0:2 Manchester City,21,Ferran Torres,Midfielder/Forward,1,0,0,0,0,8.066666666666666,3.6,4.666666666666667,139.79999999999998,36.35,2,10
2021-11-06,Manchester United 0:2 Manchester City,17,Kevin De Bruyne,Midfielder/Forward,0,0,0,0,0,8.066666666666666,3.6,4.666666666666667,139.79999999999998,36.35,2,10
2021-11-06,Manchester United 0:2 Manchester City,16,Rodri,Midfielder,0,0,1,0,0,8.066666666666666,3.6,4.666666666666667,139.79999999999998,36.35,2,10
2021-11-06,Manchester United 0:2 Manchester City,26,Riyad Mahrez,Midfielder/Forward,0,0,0,0,0,8.066666666666666,3.6,4.666666666666667,139.79999999999998,36.35,2,10
2021-11-06,Manchester United 0:2 Manchester City,47,Phil Foden,Midfielder/Forward,0,0,1,0,0,8.066666666666666,3.6,4.666666666666667,139.79999999999998,36.35,2,10
2021-11-06,Manchester United 0:2 Manchester City,87,James McAtee,Midfielder,0,0,0,0,1,8.066666666666666,3.6,4.666666666666667,139.79999999999998,36.35,2,10
2021-11-06,Manchester United 0:2 Manchester City,11,Olexsandr Zinchenko,Defender/Midfielder,1,0,0,0,1,8.066666666666666,3.6,4.666666666666667,139.79999999999998,36.35,2,10
2021-11-06,Manchester United 0:2 Manchester City,3,Rúben Dias,Defender,0,0,0,0,1,8.066666666666666,3.6,4.666666666666667,139.79999999999998,36.35,2,10
2021-11-06,Manchester United 0:2 Manchester City,26,Riyad Mahrez,Midfielder/Forward,0,0,0,0,1,8.066666666666666,3.6,4.666666666666667,139.79999999999998,36.35,2,10
2021-11-21,Manchester City 3:0 Everton,13,Zack Steffen,Goalkeeper,0,0,0,0,0,8.066666666666666,3.6,4.666666666666667,139.79999999999998,36.35,0,11
2021-11-21,Manchester City 3:0 Everton,5,John Stones,Defender,0,0,0,0,0,8.066666666666666,3.6,4.666666666666667,139.79999999999998,36.35,0,11
2021-11-21,Manchester City 3:0 Everton,14,Aymeric Laporte,Defender,0,0,0,0,0,8.066666666666666,3.6,4.666666666666667,139.79999999999998,36.35,0,11
2021-11-21,Manchester City 3:0 Everton,27,João Cancelo,Defender,0,0,0,0,0,8.066666666666666,3.6,4.666666666666667,139.79999999999998,36.35,0,11
2021-11-21,Manchester City 3:0 Everton,3,Rúben Dias,Defender,0,0,1,0,0,8.066666666666666,3.6,4.666666666666667,139.79999999999998,36.35,0,11
2021-11-21,Manchester City 3:0 Everton,16,Rodri,Midfielder,0,0,0,0,0,8.066666666666666,3.6,4.666666666666667,139.79999999999998,36.35,0,11
2021-11-21,Manchester City 3:0 Everton,47,Phil Foden,Midfielder/Forward,0,0,0,0,0,8.066666666666666,3.6,4.666666666666667,139.79999999999998,36.35,0,11
2021-11-21,Manchester City 3:0 Everton,8,İlkay Gündogan,Midfielder,0,0,0,0,0,8.066666666666666,3.6,4.666666666666667,139.79999999999998,36.35,0,11
2021-11-21,Manchester City 3:0 Everton,11,Olexsandr Zinchenko,Defender/Midfielder,0,0,1,0,0,8.066666666666666,3.6,4.666666666666667,139.79999999999998,36.35,0,11
2021-11-21,Manchester City 3:0 Everton,9,Gabriel Jesus,Forward,0,0,0,0,0,8.066666666666666,3.6,4.666666666666667,139.79999999999998,36.35,0,11
2021-11-21,Manchester City 3:0 Everton,26,Riyad Mahrez,Midfielder/Forward,0,0,0,0,0,8.066666666666666,3.6,4.666666666666667,139.79999999999998,36.35,0,11
2021-11-21,Manchester City 3:0 Everton,47,Phil Foden,Midfielder/Forward,0,0,0,0,1,8.066666666666666,3.6,4.666666666666667,139.79999999999998,36.35,0,11
2021-11-21,Manchester City 3:0 Everton,26,Riyad Mahrez,Midfielder/Forward,0,0,0,0,1,8.066666666666666,3.6,4.666666666666667,139.79999999999998,36.35,0,11
2021-11-21,Manchester City 3:0 Everton,96,Ben Knight,Midfielder,0,0,0,0,1,8.066666666666666,3.6,4.666666666666667,139.79999999999998,36.35,0,11
2021-11-21,Manchester City 3:0 Everton,5,John Stones,Defender,0,0,0,0,1,8.066666666666666,3.6,4.666666666666667,139.79999999999998,36.35,0,11
2021-11-28,Manchester City 2:1 West Ham United,31,Ederson,Goalkeeper,0,0,0,0,0,8.066666666666666,3.6,4.666666666666667,139.79999999999998,36.35,1,12
2021-11-28,Manchester City 2:1 West Ham United,5,John Stones,Defender,0,0,0,0,0,8.066666666666666,3.6,4.666666666666667,139.79999999999998,36.35,1,12
2021-11-28,Manchester City 2:1 West Ham United,11,Olexsandr Zinchenko,Defender/Midfielder,0,0,0,0,0,8.066666666666666,3.6,4.666666666666667,139.79999999999998,36.35,1,12
2021-11-28,Manchester City 2:1 West Ham United,6,Nathan Aké,Defender,0,0,0,0,0,8.066666666666666,3.6,4.666666666666667,139.79999999999998,36.35,1,12
2021-11-28,Manchester City 2:1 West Ham United,25,Fernandinho,Defender/Midfielder,0,0,0,0,0,8.066666666666666,3.6,4.666666666666667,139.79999999999998,36.35,1,12
2021-11-28,Manchester City 2:1 West Ham United,16,Rodri,Midfielder,0,0,1,0,0,8.066666666666666,3.6,4.666666666666667,139.79999999999998,36.35,1,12
2021-11-28,Manchester City 2:1 West Ham United,26,Riyad Mahrez,Midfielder/Forward,0,0,0,0,0,8.066666666666666,3.6,4.666666666666667,139.79999999999998,36.35,1,12
2021-11-28,Manchester City 2:1 West Ham United,8,İlkay Gündogan,Midfielder,0,0,0,0,0,8.066666666666666,3.6,4.666666666666667,139.79999999999998,36.35,1,12
2021-11-28,Manchester City 2:1 West Ham United,21,Ferran Torres,Midfielder/Forward,0,0,0,0,0,8.066666666666666,3.6,4.666666666666667,139.79999999999998,36.35,1,12
2021-11-28,Manchester City 2:1 West Ham United,9,Gabriel Jesus,Forward,2,0,0,0,0,8.066666666666666,3.6,4.666666666666667,139.79999999999998,36.35,1,12
2021-11-28,Manchester City 2:1 West Ham United,21,Ferran Torres,Midfielder/Forward,1,0,0,0,0,8.066666666666666,3.6,4.666666666666667,139.79999999999998,36.35,1,12
2021-11-28,Manchester City 2:1 West Ham United,87,James McAtee,Midfielder,0,0,0,0,1,8.066666666666666,3.6,4.666666666666667,139.79999999999998,36.35,1,12
2021-11-28,Manchester City 2:1 West Ham United,9,Gabriel Jesus,Forward,0,0,0,0,1,8.066666666666666,3.6,4.666666666666667,139.79999999999998,36.35,1,12
2021-11-28,Manchester City 2:1 West Ham United,7,Raheem Sterling,Midfielder/Forward,0,0,0,0,1,8.066666666666666,3.6,4.666666666666667,139.79999999999998,36.35,1,12
2021-11-28,Manchester City 2:1 West Ham United,17,Kevin De Bruyne,Midfielder/Forward,0,0,0,0,1,8.066666666666666,3.6,4.666666666666667,139.79999999999998,36.35,1,12
2021-12-01,Aston Villa 1:2 Manchester City,31,Ederson,Goalkeeper,0,0,1,0,0,8.200000000000001,2.8666666666666667,5.0,71.93333333333334,54.4,2,13
2021-12-01,Aston Villa 1:2 Manchester City,25,Fernandinho,Defender/Midfielder,0,0,0,0,0,8.200000000000001,2.8666666666666667,5.0,71.93333333333334,54.4,2,13
2021-12-01,Aston Villa 1:2 Manchester City,6,Nathan Aké,Defender,0,0,0,0,0,8.200000000000001,2.8666666666666667,5.0,71.93333333333334,54.4,2,13
2021-12-01,Aston Villa 1:2 Manchester City,11,Olexsandr Zinchenko,Defender/Midfielder,0,0,0,0,0,8.200000000000001,2.8666666666666667,5.0,71.93333333333334,54.4,2,13
2021-12-01,Aston Villa 1:2 Manchester City,27,João Cancelo,Defender,1,0,1,0,0,8.200000000000001,2.8666666666666667,5.0,71.93333333333334,54.4,2,13
2021-12-01,Aston Villa 1:2 Manchester City,20,Bernardo Silva,Midfielder/Forward,0,0,0,0,0,8.200000000000001,2.8666666666666667,5.0,71.93333333333334,54.4,2,13
2021-12-01,Aston Villa 1:2 Manchester City,16,Rodri,Midfielder,0,0,0,0,0,8.200000000000001,2.8666666666666667,5.0,71.93333333333334,54.4,2,13
2021-12-01,Aston Villa 1:2 Manchester City,10,Jack Grealish,Midfielder/Forward,0,0,0,0,0,8.200000000000001,2.8666666666666667,5.0,71.93333333333334,54.4,2,13
2021-12-01,Aston Villa 1:2 Manchester City,7,Raheem Sterling,Midfielder/Forward,0,0,0,0,0,8.200000000000001,2.8666666666666667,5.0,71.93333333333334,54.4,2,13
2021-12-01,Aston Villa 1:2 Manchester City,17,Kevin De Bruyne,Midfielder/Forward,0,0,1,0,0,8.200000000000001,2.8666666666666667,5.0,71.93333333333334,54.4,2,13
2021-12-01,Aston Villa 1:2 Manchester City,9,Gabriel Jesus,Forward,2,0,1,0,0,8.200000000000001,2.8666666666666667,5.0,71.93333333333334,54.4,2,13
2021-12-01,Aston Villa 1:2 Manchester City,9,Gabriel Jesus,Forward,0,0,0,0,1,8.200000000000001,2.8666666666666667,5.0,71.93333333333334,54.4,2,13
2021-12-01,Aston Villa 1:2 Manchester City,90,Roméo Lavia,Midfielder,0,0,0,0,1,8.200000000000001,2.8666666666666667,5.0,71.93333333333334,54.4,2,13
2021-12-01,Aston Villa 1:2 Manchester City,10,Jack Grealish,Midfielder/Forward,0,0,0,0,1,8.200000000000001,2.8666666666666667,5.0,71.93333333333334,54.4,2,13
2021-12-01,Aston Villa 1:2 Manchester City,7,Raheem Sterling,Midfielder/Forward,0,0,0,0,1,8.200000000000001,2.8666666666666667,5.0,71.93333333333334,54.4,2,13
2021-12-04,Watford 1:3 Manchester City,31,Ederson,Goalkeeper,0,0,0,0,0,8.200000000000001,2.8666666666666667,5.0,71.93333333333334,54.4,3,14
2021-12-04,Watford 1:3 Manchester City,2,Kyle Walker,Defender,0,0,1,0,0,8.200000000000001,2.8666666666666667,5.0,71.93333333333334,54.4,3,14
2021-12-04,Watford 1:3 Manchester City,5,John Stones,Defender,0,0,0,0,0,8.200000000000001,2.8666666666666667,5.0,71.93333333333334,54.4,3,14
2021-12-04,Watford 1:3 Manchester City,27,João Cancelo,Defender,0,0,0,0,0,8.200000000000001,2.8666666666666667,5.0,71.93333333333334,54.4,3,14
2021-12-04,Watford 1:3 Manchester City,3,Rúben Dias,Defender,0,0,1,0,0,8.200000000000001,2.8666666666666667,5.0,71.93333333333334,54.4,3,14
2021-12-04,Watford 1:3 Manchester City,47,Phil Foden,Midfielder/Forward,1,0,0,0,0,8.200000000000001,2.8666666666666667,5.0,71.93333333333334,54.4,3,14
2021-12-04,Watford 1:3 Manchester City,16,Rodri,Midfielder,0,0,0,0,0,8.200000000000001,2.8666666666666667,5.0,71.93333333333334,54.4,3,14
2021-12-04,Watford 1:3 Manchester City,8,İlkay Gündogan,Midfielder,1,0,0,0,0,8.200000000000001,2.8666666666666667,5.0,71.93333333333334,54.4,3,14
2021-12-04,Watford 1:3 Manchester City,7,Raheem Sterling,Midfielder/Forward,1,0,0,0,0,8.200000000000001,2.8666666666666667,5.0,71.93333333333334,54.4,3,14
2021-12-04,Watford 1:3 Manchester City,26,Riyad Mahrez,Midfielder/Forward,0,1,0,0,0,8.200000000000001,2.8666666666666667,5.0,71.93333333333334,54.4,3,14
2021-12-04,Watford 1:3 Manchester City,7,Raheem Sterling,Midfielder/Forward,1,0,0,0,0,8.200000000000001,2.8666666666666667,5.0,71.93333333333334,54.4,3,14
2021-12-04,Watford 1:3 Manchester City,25,Fernandinho,Defender/Midfielder,0,0,0,0,1,8.200000000000001,2.8666666666666667,5.0,71.93333333333334,54.4,3,14
2021-12-04,Watford 1:3 Manchester City,6,Nathan Aké,Defender,0,0,0,0,1,8.200000000000001,2.8666666666666667,5.0,71.93333333333334,54.4,3,14
2021-12-04,Watford 1:3 Manchester City,7,Raheem Sterling,Midfielder/Forward,0,0,0,0,1,8.200000000000001,2.8666666666666667,5.0,71.93333333333334,54.4,3,14
2021-12-04,Watford 1:3 Manchester City,9,Gabriel Jesus,Forward,0,0,0,0,1,8.200000000000001,2.8666666666666667,5.0,71.93333333333334,54.4,3,14
2021-12-11,Manchester City 1:0 Wolverhampton Wanderers,13,Zack Steffen,Goalkeeper,0,0,0,0,0,8.200000000000001,2.8666666666666667,5.0,71.93333333333334,54.4,0,15
2021-12-11,Manchester City 1:0 Wolverhampton Wanderers,14,Aymeric Laporte,Defender,0,0,1,0,0,8.200000000000001,2.8666666666666667,5.0,71.93333333333334,54.4,0,15
2021-12-11,Manchester City 1:0 Wolverhampton Wanderers,6,Nathan Aké,Defender,0,0,0,0,0,8.200000000000001,2.8666666666666667,5.0,71.93333333333334,54.4,0,15
2021-12-11,Manchester City 1:0 Wolverhampton Wanderers,2,Kyle Walker,Defender,0,0,0,0,0,8.200000000000001,2.8666666666666667,5.0,71.93333333333334,54.4,0,15
2021-12-11,Manchester City 1:0 Wolverhampton Wanderers,3,Rúben Dias,Defender,0,0,0,0,0,8.200000000000001,2.8666666666666667,5.0,71.93333333333334,54.4,0,15
2021-12-11,Manchester City 1:0 Wolverhampton Wanderers,20,Bernardo Silva,Midfielder/Forward,0,0,0,0,0,8.200000000000001,2.8666666666666667,5.0,71.93333333333334,54.4,0,15
2021-12-11,Manchester City 1:0 Wolverhampton Wanderers,8,İlkay Gündogan,Midfielder,0,0,0,0,0,8.200000000000001,2.8666666666666667,5.0,71.93333333333334,54.4,0,15
2021-12-11,Manchester City 1:0 Wolverhampton Wanderers,7,Raheem Sterling,Midfielder/Forward,0,0,0,0,0,8.200000000000001,2.8666666666666667,5.0,71.93333333333334,54.4,0,15
2021-12-11,Manchester City 1:0 Wolverhampton Wanderers,17,Kevin De Bruyne,Midfielder/Forward,0,0,0,0,0,8.200000000000001,2.8666666666666667,5.0,71.93333333333334,54.4,0,15
2021-12-11,Manchester City 1:0 Wolverhampton Wanderers,26,Riyad Mahrez,Midfielder/Forward,0,0,0,0,0,8.200000000000001,2.8666666666666667,5.0,71.93333333333334,54.4,0,15
2021-12-11,Manchester City 1:0 Wolverhampton Wanderers,7,Raheem Sterling,Midfielder/Forward,0,0,0,0,0,8.200000000000001,2.8666666666666667,5.0,71.93333333333334,54.4,0,15
2021-12-11,Manchester City 1:0 Wolverhampton Wanderers,8,İlkay Gündogan,Midfielder,0,0,0,0,1,8.200000000000001,2.8666666666666667,5.0,71.93333333333334,54.4,0,15
2021-12-11,Manchester City 1:0 Wolverhampton Wanderers,26,Riyad Mahrez,Midfielder/Forward,0,0,0,0,1,8.200000000000001,2.8666666666666667,5.0,71.93333333333334,54.4,0,15
2021-12-11,Manchester City 1:0 Wolverhampton Wanderers,20,Bernardo Silva,Midfielder/Forward,0,0,0,0,1,8.200000000000001,2.8666666666666667,5.0,71.93333333333334,54.4,0,15
2021-12-11,Manchester City 1:0 Wolverhampton Wanderers,7,Raheem Sterling,Midfielder/Forward,0,0,0,0,1,8.200000000000001,2.8666666666666667,5.0,71.93333333333334,54.4,0,15
2021-12-14,Manchester City 7:0 Leeds United,31,Ederson,Goalkeeper,0,0,0,0,0,8.200000000000001,2.8666666666666667,5.0,71.93333333333334,54.4,0,16
2021-12-14,Manchester City 7:0 Leeds United,25,Fernandinho,Defender/Midfielder,0,0,0,0,0,8.200000000000001,2.8666666666666667,5.0,71.93333333333334,54.4,0,16
2021-12-14,Manchester City 7:0 Leeds United,2,Kyle Walker,Defender,0,0,0,0,0,8.200000000000001,2.8666666666666667,5.0,71.93333333333334,54.4,0,16
2021-12-14,Manchester City 7:0 Leeds United,27,João Cancelo,Defender,0,0,1,0,0,8.200000000000001,2.8666666666666667,5.0,71.93333333333334,54.4,0,16
2021-12-14,Manchester City 7:0 Leeds United,3,Rúben Dias,Defender,0,0,0,0,0,8.200000000000001,2.8666666666666667,5.0,71.93333333333334,54.4,0,16
2021-12-14,Manchester City 7:0 Leeds United,17,Kevin De Bruyne,Midfielder/Forward,0,0,0,0,0,8.200000000000001,2.8666666666666667,5.0,71.93333333333334,54.4,0,16
2021-12-14,Manchester City 7:0 Leeds United,26,Riyad Mahrez,Midfielder/Forward,0,0,0,0,0,8.200000000000001,2.8666666666666667,5.0,71.93333333333334,54.4,0,16
2021-12-14,Manchester City 7:0 Leeds United,16,Rodri,Midfielder,0,0,1,0,0,8.200000000000001,2.8666666666666667,5.0,71.93333333333334,54.4,0,16
2021-12-14,Manchester City 7:0 Leeds United,11,Olexsandr Zinchenko,Defender/Midfielder,0,0,0,0,0,8.200000000000001,2.8666666666666667,5.0,71.93333333333334,54.4,0,16
2021-12-14,Manchester City 7:0 Leeds United,20,Bernardo Silva,Midfielder/Forward,0,0,0,0,0,8.200000000000001,2.8666666666666667,5.0,71.93333333333334,54.4,0,16
2021-12-14,Manchester City 7:0 Leeds United,9,Gabriel Jesus,Forward,0,1,1,0,0,8.200000000000001,2.8666666666666667,5.0,71.93333333333334,54.4,0,16
2021-12-14,Manchester City 7:0 Leeds United,9,Gabriel Jesus,Forward,0,0,0,0,1,8.200000000000001,2.8666666666666667,5.0,71.93333333333334,54.4,0,16
2021-12-14,Manchester City 7:0 Leeds United,80,Cole Palmer,Midfielder/Forward,0,0,0,0,1,8.200000000000001,2.8666666666666667,5.0,71.93333333333334,54.4,0,16
2021-12-14,Manchester City 7:0 Leeds United,20,Bernardo Silva,Midfielder/Forward,0,0,0,0,1,8.200000000000001,2.8666666666666667,5.0,71.93333333333334,54.4,0,16
2021-12-14,Manchester City 7:0 Leeds United,26,Riyad Mahrez,Midfielder/Forward,0,0,0,0,1,8.200000000000001,2.8666666666666667,5.0,71.93333333333334,54.4,0,16
2021-12-19,Newcastle United 0:4 Manchester City,31,Ederson,Goalkeeper,0,0,0,0,0,8.200000000000001,2.8666666666666667,5.0,71.93333333333334,54.4,4,17
2021-12-19,Newcastle United 0:4 Manchester City,3,Rúben Dias,Defender,0,0,1,0,0,8.200000000000001,2.8666666666666667,5.0,71.93333333333334,54.4,4,17
2021-12-19,Newcastle United 0:4 Manchester City,6,Nathan Aké,Defender,0,0,0,0,0,8.200000000000001,2.8666666666666667,5.0,71.93333333333334,54.4,4,17
2021-12-19,Newcastle United 0:4 Manchester City,2,Kyle Walker,Defender,0,0,0,0,0,8.200000000000001,2.8666666666666667,5.0,71.93333333333334,54.4,4,17
2021-12-19,Newcastle United 0:4 Manchester City,25,Fernandinho,Defender/Midfielder,1,0,1,0,0,8.200000000000001,2.8666666666666667,5.0,71.93333333333334,54.4,4,17
2021-12-19,Newcastle United 0:4 Manchester City,10,Jack Grealish,Midfielder/Forward,0,0,0,0,0,8.200000000000001,2.8666666666666667,5.0,71.93333333333334,54.4,4,17
2021-12-19,Newcastle United 0:4 Manchester City,16,Rodri,Midfielder,2,0,0,0,0,8.200000000000001,2.8666666666666667,5.0,71.93333333333334,54.4,4,17
2021-12-19,Newcastle United 0:4 Manchester City,8,İlkay Gündogan,Midfielder,0,0,0,0,0,8.200000000000001,2.8666666666666667,5.0,71.93333333333334,54.4,4,17
2021-12-19,Newcastle United 0:4 Manchester City,25,Fernandinho,Defender/Midfielder,0,0,0,0,0,8.200000000000001,2.8666666666666667,5.0,71.93333333333334,54.4,4,17
2021-12-19,Newcastle United 0:4 Manchester City,26,Riyad Mahrez,Midfielder/Forward,1,0,0,0,0,8.200000000000001,2.8666666666666667,5.0,71.93333333333334,54.4,4,17
2021-12-19,Newcastle United 0:4 Manchester City,17,Kevin De Bruyne,Midfielder/Forward,0,0,1,0,0,8.200000000000001,2.8666666666666667,5.0,71.93333333333334,54.4,4,17
2021-12-19,Newcastle United 0:4 Manchester City,47,Phil Foden,Midfielder/Forward,0,0,0,0,1,8.200000000000001,2.8666666666666667,5.0,71.93333333333334,54.4,4,17
2021-12-19,Newcastle United 0:4 Manchester City,9,Gabriel Jesus,Forward,0,0,0,0,1,8.200000000000001,2.8666666666666667,5.0,71.93333333333334,54.4,4,17
2021-12-19,Newcastle United 0:4 Manchester City,11,Olexsandr Zinchenko,Defender/Midfielder,0,0,0,0,1,8.200000000000001,2.8666666666666667,5.0,71.93333333333334,54.4,4,17
2021-12-19,Newcastle United 0:4 Manchester City,10,Jack Grealish,Midfielder/Forward,0,0,0,0,1,8.200000000000001,2.8666666666666667,5.0,71.93333333333334,54.4,4,17
2021-12-26,Manchester City 6:3 Leicester City,31,Ederson,Goalkeeper,0,0,0,0,0,8.200000000000001,2.8666666666666667,5.0,71.93333333333334,54.4,3,18
2021-12-26,Manchester City 6:3 Leicester City,6,Nathan Aké,Defender,0,0,0,0,0,8.200000000000001,2.8666666666666667,5.0,71.93333333333334,54.4,3,18
2021-12-26,Manchester City 6:3 Leicester City,14,Aymeric Laporte,Defender,1,0,0,0,0,8.200000000000001,2.8666666666666667,5.0,71.93333333333334,54.4,3,18
2021-12-26,Manchester City 6:3 Leicester City,11,Olexsandr Zinchenko,Defender/Midfielder,0,0,0,0,0,8.200000000000001,2.8666666666666667,5.0,71.93333333333334,54.4,3,18
2021-12-26,Manchester City 6:3 Leicester City,27,João Cancelo,Defender,0,0,0,0,0,8.200000000000001,2.8666666666666667,5.0,71.93333333333334,54.4,3,18
2021-12-26,Manchester City 6:3 Leicester City,11,Olexsandr Zinchenko,Defender/Midfielder,0,0,0,0,0,8.200000000000001,2.8666666666666667,5.0,71.93333333333334,54.4,3,18
2021-12-26,Manchester City 6:3 Leicester City,7,Raheem Sterling,Midfielder/Forward,2,0,0,0,0,8.200000000000001,2.8666666666666667,5.0,71.93333333333334,54.4,3,18
2021-12-26,Manchester City 6:3 Leicester City,17,Kevin De Bruyne,Midfielder/Forward,2,0,0,0,0,8.200000000000001,2.8666666666666667,5.0,71.93333333333334,54.4,3,18
2021-12-26,Manchester City 6:3 Leicester City,16,Rodri,Midfielder,0,0,0,0,0,8.200000000000001,2.8666666666666667,5.0,71.93333333333334,54.4,3,18
2021-12-26,Manchester City 6:3 Leicester City,10,Jack Grealish,Midfielder/Forward,0,0,0,0,0,8.200000000000001,2.8666666666666667,5.0,71.93333333333334,54.4,3,18
2021-12-26,Manchester City 6:3 Leicester City,47,Phil Foden,Midfielder/Forward,0,0,0,0,0,8.200000000000001,2.8666666666666667,5.0,71.93333333333334,54.4,3,18
2021-12-26,Manchester City 6:3 Leicester City,7,Raheem Sterling,Midfielder/Forward,0,0,0,0,1,8.200000000000001,2.8666666666666667,5.0,71.93333333333334,54.4,3,18
2021-12-26,Manchester City 6:3 Leicester City,80,Cole Palmer,Midfielder/Forward,0,0,0,0,1,8.200000000000001,2.8666666666666667,5.0,71.93333333333334,54.4,3,18
2021-12-26,Manchester City 6:3 Leicester City,11,Olexsandr Zinchenko,Defender/Midfielder,0,0,0,0,1,8.200000000000001,2.8666666666666667,5.0,71.93333333333334,54.4,3,18
2021-12-26,Manchester City 6:3 Leicester City,8,İlkay Gündogan,Midfielder,0,0,0,0,1,8.200000000000001,2.8666666666666667,5.0,71.93333333333334,54.4,3,18
2021-12-29,Brentford 0:1 Manchester City,31,Ederson,Goalkeeper,0,0,0,0,0,8.200000000000001,2.8666666666666667,5.0,71.93333333333334,54.4,1,19
2021-12-29,Brentford 0:1 Manchester City,27,João Cancelo,Defender,0,0,1,0,0,8.200000000000001,2.8666666666666667,5.0,71.93333333333334,54.4,1,19
2021-12-29,Brentford 0:1 Manchester City,25,Fernandinho,Defender/Midfielder,0,0,0,0,0,8.200000000000001,2.8666666666666667,5.0,71.93333333333334,54.4,1,19
2021-12-29,Brentford 0:1 Manchester City,6,Nathan Aké,Defender,0,0,1,0,0,8.200000000000001,2.8666666666666667,5.0,71.93333333333334,54.4,1,19
2021-12-29,Brentford 0:1 Manchester City,14,Aymeric Laporte,Defender,0,0,0,0,0,8.200000000000001,2.8666666666666667,5.0,71.93333333333334,54.4,1,19
2021-12-29,Brentford 0:1 Manchester City,11,Olexsandr Zinchenko,Defender/Midfielder,0,0,0,0,0,8.200000000000001,2.8666666666666667,5.0,71.93333333333334,54.4,1,19
2021-12-29,Brentford 0:1 Manchester City,20,Bernardo Silva,Midfielder/Forward,1,0,1,0,0,8.200000000000001,2.8666666666666667,5.0,71.93333333333334,54.4,1,19
2021-12-29,Brentford 0:1 Manchester City,10,Jack Grealish,Midfielder/Forward,0,0,0,0,0,8.200000000000001,2.8666666666666667,5.0,71.93333333333334,54.4,1,19
2021-12-29,Brentford 0:1 Manchester City,17,Kevin De Bruyne,Midfielder/Forward,0,0,0,0,0,8.200000000000001,2.8666666666666667,5.0,71.93333333333334,54.4,1,19
2021-12-29,Brentford 0:1 Manchester City,7,Raheem Sterling,Midfielder/Forward,0,0,0,0,0,8.200000000000001,2.8666666666666667,5.0,71.93333333333334,54.4,1,19
2021-12-29,Brentford 0:1 Manchester City,26,Riyad Mahrez,Midfielder/Forward,0,0,0,0,0,8.200000000000001,2.8666666666666667,5.0,71.93333333333334,54.4,1,19
2021-12-29,Brentford 0:1 Manchester City,6,Nathan Aké,Defender,0,0,0,0,1,8.200000000000001,2.8666666666666667,5.0,71.93333333333334,54.4,1,19
2021-12-29,Brentford 0:1 Manchester City,7,Raheem Sterling,Midfielder/Forward,0,0,0,0,1,8.200000000000001,2.8666666666666667,5.0,71.93333333333334,54.4,1,19
2021-12-29,Brentford 0:1 Manchester City,80,Cole Palmer,Midfielder/Forward,0,0,0,0,1,8.200000000000001,2.8666666666666667,5.0,71.93333333333334,54.4,1,19
2021-12-29,Brentford 0:1 Manchester City,25,Fernandinho,Defender/Midfielder,0,0,0,0,1,8.200000000000001,2.8666666666666667,5.0,71.93333333333334,54.4,1,19
2022-01-01,Arsenal 1:2 Manchester City,13,Zack Steffen,Goalkeeper,0,0,0,0,0,7.800000000000001,2.8,6.5,41.06666666666666,43.75,2,20
2022-01-01,Arsenal 1:2 Manchester City,6,Nathan Aké,Defender,1,0,0,0,0,7.800000000000001,2.8,6.5,41.06666666666666,43.75,2,20
2022-01-01,Arsenal 1:2 Manchester City,27,João Cancelo,Defender,0,0,1,0,0,7.800000000000001,2.8,6.5,41.06666666666666,43.75,2,20
2022-01-01,Arsenal 1:2 Manchester City,5,John Stones,Defender,0,0,1,0,0,7.800000000000001,2.8,6.5,41.06666666666666,43.75,2,20
2022-01-01,Arsenal 1:2 Manchester City,25,Fernandinho,Defender/Midfielder,0,0,1,0,0,7.800000000000001,2.8,6.5,41.06666666666666,43.75,2,20
2022-01-01,Arsenal 1:2 Manchester City,26,Riyad Mahrez,Midfielder/Forward,1,1,0,0,0,7.800000000000001,2.8,6.5,41.06666666666666,43.75,2,20
2022-01-01,Arsenal 1:2 Manchester City,25,Fernandinho,Defender/Midfielder,0,0,1,0,0,7.800000000000001,2.8,6.5,41.06666666666666,43.75,2,20
2022-01-01,Arsenal 1:2 Manchester City,7,Raheem Sterling,Midfielder/Forward,0,0,0,0,0,7.800000000000001,2.8,6.5,41.06666666666666,43.75,2,20
2022-01-01,Arsenal 1:2 Manchester City,47,Phil Foden,Midfielder/Forward,1,0,0,0,0,7.800000000000001,2.8,6.5,41.06666666666666,43.75,2,20
2022-01-01,Arsenal 1:2 Manchester City,10,Jack Grealish,Midfielder/Forward,0,0,0,0,0,7.800000000000001,2.8,6.5,41.06666666666666,43.75,2,20
2022-01-01,Arsenal 1:2 Manchester City,17,Kevin De Bruyne,Midfielder/Forward,0,0,1,0,0,7.800000000000001,2.8,6.5,41.06666666666666,43.75,2,20
2022-01-01,Arsenal 1:2 Manchester City,20,Bernardo Silva,Midfielder/Forward,0,0,0,0,1,7.800000000000001,2.8,6.5,41.06666666666666,43.75,2,20
2022-01-01,Arsenal 1:2 Manchester City,17,Kevin De Bruyne,Midfielder/Forward,0,0,0,0,1,7.800000000000001,2.8,6.5,41.06666666666666,43.75,2,20
2022-01-01,Arsenal 1:2 Manchester City,87,James McAtee,Midfielder,0,0,0,0,1,7.800000000000001,2.8,6.5,41.06666666666666,43.75,2,20
2022-01-01,Arsenal 1:2 Manchester City,25,Fernandinho,Defender/Midfielder,0,0,0,0,1,7.800000000000001,2.8,6.5,41.06666666666666,43.75,2,20
2022-01-15,Manchester City 1:0 Chelsea,13,Zack Steffen,Goalkeeper,0,0,0,0,0,7.800000000000001,2.8,6.5,41.06666666666666,43.75,0,21
2022-01-15,Manchester City 1:0 Chelsea,5,John Stones,Defender,0,0,0,0,0,7.800000000000001,2.8,6.5,41.06666666666666,43.75,0,21
2022-01-15,Manchester City 1:0 Chelsea,6,Nathan Aké,Defender,0,0,0,0,0,7.800000000000001,2.8,6.5,41.06666666666666,43.75,0,21
2022-01-15,Manchester City 1:0 Chelsea,11,Olexsandr Zinchenko,Defender/Midfielder,0,0,0,0,0,7.800000000000001,2.8,6.5,41.06666666666666,43.75,0,21
2022-01-15,Manchester City 1:0 Chelsea,25,Fernandinho,Defender/Midfielder,0,0,1,0,0,7.800000000000001,2.8,6.5,41.06666666666666,43.75,0,21
2022-01-15,Manchester City 1:0 Chelsea,47,Phil Foden,Midfielder/Forward,0,0,0,0,0,7.800000000000001,2.8,6.5,41.06666666666666,43.75,0,21
2022-01-15,Manchester City 1:0 Chelsea,17,Kevin De Bruyne,Midfielder/Forward,0,0,0,0,0,7.800000000000001,2.8,6.5,41.06666666666666,43.75,0,21
2022-01-15,Manchester City 1:0 Chelsea,26,Riyad Mahrez,Midfielder/Forward,0,1,0,0,0,7.800000000000001,2.8,6.5,41.06666666666666,43.75,0,21
2022-01-15,Manchester City 1:0 Chelsea,25,Fernandinho,Defender/Midfielder,0,0,0,0,0,7.800000000000001,2.8,6.5,41.06666666666666,43.75,0,21
2022-01-15,Manchester City 1:0 Chelsea,47,Phil Foden,Midfielder/Forward,0,0,0,0,0,7.800000000000001,2.8,6.5,41.06666666666666,43.75,0,21
2022-01-15,Manchester City 1:0 Chelsea,26,Riyad Mahrez,Midfielder/Forward,0,0,0,0,0,7.800000000000001,2.8,6.5,41.06666666666666,43.75,0,21
2022-01-15,Manchester City 1:0 Chelsea,25,Fernandinho,Defender/Midfielder,0,0,0,0,1,7.800000000000001,2.8,6.5,41.06666666666666,43.75,0,21
2022-01-15,Manchester City 1:0 Chelsea,7,Raheem Sterling,Midfielder/Forward,0,0,0,0,1,7.800000000000001,2.8,6.5,41.06666666666666,43.75,0,21
2022-01-15,Manchester City 1:0 Chelsea,80,Cole Palmer,Midfielder/Forward,0,0,0,0,1,7.800000000000001,2.8,6.5,41.06666666666666,43.75,0,21
2022-01-15,Manchester City 1:0 Chelsea,17,Kevin De Bruyne,Midfielder/Forward,0,0,0,0,1,7.800000000000001,2.8,6.5,41.06666666666666,43.75,0,21
2022-01-22,Southampton 1:1 Manchester City,31,Ederson,Goalkeeper,0,0,0,0,0,7.800000000000001,2.8,6.5,41.06666666666666,43.75,1,22
2022-01-22,Southampton 1:1 Manchester City,5,John Stones,Defender,0,0,0,0,0,7.800000000000001,2.8,6.5,41.06666666666666,43.75,1,22
2022-01-22,Southampton 1:1 Manchester City,2,Kyle Walker,Defender,0,0,0,0,0,7.800000000000001,2.8,6.5,41.06666666666666,43.75,1,22
2022-01-22,Southampton 1:1 Manchester City,3,Rúben Dias,Defender,0,0,0,0,0,7.800000000000001,2.8,6.5,41.06666666666666,43.75,1,22
2022-01-22,Southampton 1:1 Manchester City,6,Nathan Aké,Defender,0,0,0,0,0,7.800000000000001,2.8,6.5,41.06666666666666,43.75,1,22
2022-01-22,Southampton 1:1 Manchester City,20,Bernardo Silva,Midfielder/Forward,1,0,0,0,0,7.800000000000001,2.8,6.5,41.06666666666666,43.75,1,22
2022-01-22,Southampton 1:1 Manchester City,47,Phil Foden,Midfielder/Forward,0,0,0,0,0,7.800000000000001,2.8,6.5,41.06666666666666,43.75,1,22
2022-01-22,Southampton 1:1 Manchester City,8,İlkay Gündogan,Midfielder,0,0,0,0,0,7.800000000000001,2.8,6.5,41.06666666666666,43.75,1,22
2022-01-22,Southampton 1:1 Manchester City,26,Riyad Mahrez,Midfielder/Forward,0,0,0,0,0,7.800000000000001,2.8,6.5,41.06666666666666,43.75,1,22
2022-01-22,Southampton 1:1 Manchester City,9,Gabriel Jesus,Forward,0,0,1,0,0,7.800000000000001,2.8,6.5,41.06666666666666,43.75,1,22
2022-01-22,Southampton 1:1 Manchester City,20,Bernardo Silva,Midfielder/Forward,1,0,0,0,0,7.800000000000001,2.8,6.5,41.06666666666666,43.75,1,22
2022-01-22,Southampton 1:1 Manchester City,7,Raheem Sterling,Midfielder/Forward,0,0,0,0,1,7.800000000000001,2.8,6.5,41.06666666666666,43.75,1,22
2022-01-22,Southampton 1:1 Manchester City,25,Fernandinho,Defender/Midfielder,0,0,0,0,1,7.800000000000001,2.8,6.5,41.06666666666666,43.75,1,22
2022-01-22,Southampton 1:1 Manchester City,8,İlkay Gündogan,Midfielder,0,0,0,0,1,7.800000000000001,2.8,6.5,41.06666666666666,43.75,1,22
2022-01-22,Southampton 1:1 Manchester City,5,John Stones,Defender,0,0,0,0,1,7.800000000000001,2.8,6.5,41.06666666666666,43.75,1,22
2022-02-09,Manchester City 2:0 Brentford,13,Zack Steffen,Goalkeeper,0,0,1,0,0,10.116666666666667,2.5666666666666664,4.166666666666666,117.76666666666668,92.95,0,23
2022-02-09,Manchester City 2:0 Brentford,3,Rúben Dias,Defender,0,0,0,0,0,10.116666666666667,2.5666666666666664,4.166666666666666,117.76666666666668,92.95,0,23
2022-02-09,Manchester City 2:0 Brentford,14,Aymeric Laporte,Defender,0,0,0,0,0,10.116666666666667,2.5666666666666664,4.166666666666666,117.76666666666668,92.95,0,23
2022-02-09,Manchester City 2:0 Brentford,5,John Stones,Defender,0,0,0,0,0,10.116666666666667,2.5666666666666664,4.166666666666666,117.76666666666668,92.95,0,23
2022-02-09,Manchester City 2:0 Brentford,6,Nathan Aké,Defender,0,0,0,0,0,10.116666666666667,2.5666666666666664,4.166666666666666,117.76666666666668,92.95,0,23
2022-02-09,Manchester City 2:0 Brentford,10,Jack Grealish,Midfielder/Forward,0,0,1,0,0,10.116666666666667,2.5666666666666664,4.166666666666666,117.76666666666668,92.95,0,23
2022-02-09,Manchester City 2:0 Brentford,8,İlkay Gündogan,Midfielder,0,0,0,0,0,10.116666666666667,2.5666666666666664,4.166666666666666,117.76666666666668,92.95,0,23
2022-02-09,Manchester City 2:0 Brentford,47,Phil Foden,Midfielder/Forward,0,0,0,0,0,10.116666666666667,2.5666666666666664,4.166666666666666,117.76666666666668,92.95,0,23
2022-02-09,Manchester City 2:0 Brentford,26,Riyad Mahrez,Midfielder/Forward,0,0,0,0,0,10.116666666666667,2.5666666666666664,4.166666666666666,117.76666666666668,92.95,0,23
2022-02-09,Manchester City 2:0 Brentford,26,Riyad Mahrez,Midfielder/Forward,0,0,0,0,0,10.116666666666667,2.5666666666666664,4.166666666666666,117.76666666666668,92.95,0,23
2022-02-09,Manchester City 2:0 Brentford,9,Gabriel Jesus,Forward,0,0,1,0,0,10.116666666666667,2.5666666666666664,4.166666666666666,117.76666666666668,92.95,0,23
2022-02-09,Manchester City 2:0 Brentford,6,Nathan Aké,Defender,0,0,0,0,1,10.116666666666667,2.5666666666666664,4.166666666666666,117.76666666666668,92.95,0,23
2022-02-09,Manchester City 2:0 Brentford,8,İlkay Gündogan,Midfielder,0,0,0,0,1,10.116666666666667,2.5666666666666664,4.166666666666666,117.76666666666668,92.95,0,23
2022-02-09,Manchester City 2:0 Brentford,11,Olexsandr Zinchenko,Defender/Midfielder,0,0,0,0,1,10.116666666666667,2.5666666666666664,4.166666666666666,117.76666666666668,92.95,0,23
2022-02-09,Manchester City 2:0 Brentford,9,Gabriel Jesus,Forward,0,0,0,0,1,10.116666666666667,2.5666666666666664,4.166666666666666,117.76666666666668,92.95,0,23
2022-02-12,Norwich City 0:4 Manchester City,31,Ederson,Goalkeeper,0,0,0,0,0,10.116666666666667,2.5666666666666664,4.166666666666666,117.76666666666668,92.95,4,24
2022-02-12,Norwich City 0:4 Manchester City,3,Rúben Dias,Defender,0,0,0,0,0,10.116666666666667,2.5666666666666664,4.166666666666666,117.76666666666668,92.95,4,24
2022-02-12,Norwich City 0:4 Manchester City,6,Nathan Aké,Defender,0,0,0,0,0,10.116666666666667,2.5666666666666664,4.166666666666666,117.76666666666668,92.95,4,24
2022-02-12,Norwich City 0:4 Manchester City,27,João Cancelo,Defender,0,0,0,0,0,10.116666666666667,2.5666666666666664,4.166666666666666,117.76666666666668,92.95,4,24
2022-02-12,Norwich City 0:4 Manchester City,14,Aymeric Laporte,Defender,0,0,1,0,0,10.116666666666667,2.5666666666666664,4.166666666666666,117.76666666666668,92.95,4,24
2022-02-12,Norwich City 0:4 Manchester City,20,Bernardo Silva,Midfielder/Forward,0,0,0,0,0,10.116666666666667,2.5666666666666664,4.166666666666666,117.76666666666668,92.95,4,24
2022-02-12,Norwich City 0:4 Manchester City,26,Riyad Mahrez,Midfielder/Forward,1,0,0,0,0,10.116666666666667,2.5666666666666664,4.166666666666666,117.76666666666668,92.95,4,24
2022-02-12,Norwich City 0:4 Manchester City,7,Raheem Sterling,Midfielder/Forward,2,0,0,0,0,10.116666666666667,2.5666666666666664,4.166666666666666,117.76666666666668,92.95,4,24
2022-02-12,Norwich City 0:4 Manchester City,8,İlkay Gündogan,Midfielder,0,0,1,0,0,10.116666666666667,2.5666666666666664,4.166666666666666,117.76666666666668,92.95,4,24
2022-02-12,Norwich City 0:4 Manchester City,26,Riyad Mahrez,Midfielder/Forward,4,1,1,0,0,10.116666666666667,2.5666666666666664,4.166666666666666,117.76666666666668,92.95,4,24
2022-02-12,Norwich City 0:4 Manchester City,7,Raheem Sterling,Midfielder/Forward,3,0,0,0,0,10.116666666666667,2.5666666666666664,4.166666666666666,117.76666666666668,92.95,4,24
2022-02-12,Norwich City 0:4 Manchester City,8,İlkay Gündogan,Midfielder,0,0,0,0,1,10.116666666666667,2.5666666666666664,4.166666666666666,117.76666666666668,92.95,4,24
2022-02-12,Norwich City 0:4 Manchester City,26,Riyad Mahrez,Midfielder/Forward,0,0,0,0,1,10.116666666666667,2.5666666666666664,4.166666666666666,117.76666666666668,92.95,4,24
2022-02-12,Norwich City 0:4 Manchester City,6,Nathan Aké,Defender,0,0,0,0,1,10.116666666666667,2.5666666666666664,4.166666666666666,117.76666666666668,92.95,4,24
2022-02-12,Norwich City 0:4 Manchester City,25,Fernandinho,Defender/Midfielder,0,0,0,0,1,10.116666666666667,2.5666666666666664,4.166666666666666,117.76666666666668,92.95,4,24
2022-02-19,Manchester City 2:3 Tottenham Hotspur,31,Ederson,Goalkeeper,0,0,0,0,0,10.116666666666667,2.5666666666666664,4.166666666666666,117.76666666666668,92.95,3,25
2022-02-19,Manchester City 2:3 Tottenham Hotspur,27,João Cancelo,Defender,0,0,1,0,0,10.116666666666667,2.5666666666666664,4.166666666666666,117.76666666666668,92.95,3,25
2022-02-19,Manchester City 2:3 Tottenham Hotspur,2,Kyle Walker,Defender,0,0,0,0,0,10.116666666666667,2.5666666666666664,4.166666666666666,117.76666666666668,92.95,3,25
2022-02-19,Manchester City 2:3 Tottenham Hotspur,5,John Stones,Defender,0,0,0,0,0,10.116666666666667,2.5666666666666664,4.166666666666666,117.76666666666668,92.95,3,25
2022-02-19,Manchester City 2:3 Tottenham Hotspur,14,Aymeric Laporte,Defender,0,0,0,0,0,10.116666666666667,2.5666666666666664,4.166666666666666,117.76666666666668,92.95,3,25
2022-02-19,Manchester City 2:3 Tottenham Hotspur,20,Bernardo Silva,Midfielder/Forward,1,0,1,0,0,10.116666666666667,2.5666666666666664,4.166666666666666,117.76666666666668,92.95,3,25
2022-02-19,Manchester City 2:3 Tottenham Hotspur,16,Rodri,Midfielder,0,0,1,0,0,10.116666666666667,2.5666666666666664,4.166666666666666,117.76666666666668,92.95,3,25
2022-02-19,Manchester City 2:3 Tottenham Hotspur,10,Jack Grealish,Midfielder/Forward,0,0,0,0,0,10.116666666666667,2.5666666666666664,4.166666666666666,117.76666666666668,92.95,3,25
2022-02-19,Manchester City 2:3 Tottenham Hotspur,17,Kevin De Bruyne,Midfielder/Forward,1,0,0,0,0,10.116666666666667,2.5666666666666664,4.166666666666666,117.76666666666668,92.95,3,25
2022-02-19,Manchester City 2:3 Tottenham Hotspur,26,Riyad Mahrez,Midfielder/Forward,0,0,0,0,0,10.116666666666667,2.5666666666666664,4.166666666666666,117.76666666666668,92.95,3,25
2022-02-19,Manchester City 2:3 Tottenham Hotspur,17,Kevin De Bruyne,Midfielder/Forward,1,0,0,0,0,10.116666666666667,2.5666666666666664,4.166666666666666,117.76666666666668,92.95,3,25
2022-02-19,Manchester City 2:3 Tottenham Hotspur,9,Gabriel Jesus,Forward,0,0,0,0,1,10.116666666666667,2.5666666666666664,4.166666666666666,117.76666666666668,92.95,3,25
2022-02-19,Manchester City 2:3 Tottenham Hotspur,80,Cole Palmer,Midfielder/Forward,0,0,0,0,1,10.116666666666667,2.5666666666666664,4.166666666666666,117.76666666666668,92.95,3,25
2022-02-19,Manchester City 2:3 Tottenham Hotspur,26,Riyad Mahrez,Midfielder/Forward,0,0,0,0,1,10.116666666666667,2.5666666666666664,4.166666666666666,117.76666666666668,92.95,3,25
2022-02-19,Manchester City 2:3 Tottenham Hotspur,6,Nathan Aké,Defender,0,0,0,0,1,10.116666666666667,2.5666666666666664,4.166666666666666,117.76666666666668,92.95,3,25
2022-02-26,Everton 0:1 Manchester City,31,Ederson,Goalkeeper,0,0,0,0,0,10.116666666666667,2.5666666666666664,4.166666666666666,117.76666666666668,92.95,1,26
2022-02-26,Everton 0:1 Manchester City,2,Kyle Walker,Defender,0,0,0,0,0,10.116666666666667,2.5666666666666664,4.166666666666666,117.76666666666668,92.95,1,26
2022-02-26,Everton 0:1 Manchester City,14,Aymeric Laporte,Defender,0,0,0,0,0,10.116666666666667,2.5666666666666664,4.166666666666666,117.76666666666668,92.95,1,26
2022-02-26,Everton 0:1 Manchester City,27,João Cancelo,Defender,0,0,0,0,0,10.116666666666667,2.5666666666666664,4.166666666666666,117.76666666666668,92.95,1,26
2022-02-26,Everton 0:1 Manchester City,5,John Stones,Defender,0,0,0,0,0,10.116666666666667,2.5666666666666664,4.166666666666666,117.76666666666668,92.95,1,26
2022-02-26,Everton 0:1 Manchester City,47,Phil Foden,Midfielder/Forward,1,0,0,0,0,10.116666666666667,2.5666666666666664,4.166666666666666,117.76666666666668,92.95,1,26
2022-02-26,Everton 0:1 Manchester City,20,Bernardo Silva,Midfielder/Forward,0,0,0,0,0,10.116666666666667,2.5666666666666664,4.166666666666666,117.76666666666668,92.95,1,26
2022-02-26,Everton 0:1 Manchester City,26,Riyad Mahrez,Midfielder/Forward,0,0,0,0,0,10.116666666666667,2.5666666666666664,4.166666666666666,117.76666666666668,92.95,1,26
2022-02-26,Everton 0:1 Manchester City,10,Jack Grealish,Midfielder/Forward,1,0,0,0,0,10.116666666666667,2.5666666666666664,4.166666666666666,117.76666666666668,92.95,1,26
2022-02-26,Everton 0:1 Manchester City,10,Jack Grealish,Midfielder/Forward,0,0,1,0,0,10.116666666666667,2.5666666666666664,4.166666666666666,117.76666666666668,92.95,1,26
2022-02-26,Everton 0:1 Manchester City,7,Raheem Sterling,Midfielder/Forward,0,1,0,0,0,10.116666666666667,2.5666666666666664,4.166666666666666,117.76666666666668,92.95,1,26
2022-02-26,Everton 0:1 Manchester City,6,Nathan Aké,Defender,0,0,0,0,1,10.116666666666667,2.5666666666666664,4.166666666666666,117.76666666666668,92.95,1,26
2022-02-26,Everton 0:1 Manchester City,11,Olexsandr Zinchenko,Defender/Midfielder,0,0,0,0,1,10.116666666666667,2.5666666666666664,4.166666666666666,117.76666666666668,92.95,1,26
2022-02-26,Everton 0:1 Manchester City,47,Phil Foden,Midfielder/Forward,0,0,0,0,1,10.116666666666667,2.5666666666666664,4.166666666666666,117.76666666666668,92.95,1,26
2022-02-26,Everton 0:1 Manchester City,26,Riyad Mahrez,Midfielder/Forward,0,0,0,0,1,10.116666666666667,2.5666666666666664,4.166666666666666,117.76666666666668,92.95,1,26
2022-03-06,Manchester City 4:1 Manchester United,31,Ederson,Goalkeeper,0,0,0,0,0,10.866666666666667,3.2,4.0,73.6,130.25,1,27
2022-03-06,Manchester City 4:1 Manchester United,2,Kyle Walker,Defender,0,0,1,0,0,10.866666666666667,3.2,4.0,73.6,130.25,1,27
2022-03-06,Manchester City 4:1 Manchester United,5,John Stones,Defender,0,0,0,0,0,10.866666666666667,3.2,4.0,73.6,130.25,1,27
2022-03-06,Manchester City 4:1 Manchester United,3,Rúben Dias,Defender,0,0,1,0,0,10.866666666666667,3.2,4.0,73.6,130.25,1,27
2022-03-06,Manchester City 4:1 Manchester United,6,Nathan Aké,Defender,0,0,0,0,0,10.866666666666667,3.2,4.0,73.6,130.25,1,27
2022-03-06,Manchester City 4:1 Manchester United,17,Kevin De Bruyne,Midfielder/Forward,0,0,0,0,0,10.866666666666667,3.2,4.0,73.6,130.25,1,27
2022-03-06,Manchester City 4:1 Manchester United,20,Bernardo Silva,Midfielder/Forward,0,0,1,0,0,10.866666666666667,3.2,4.0,73.6,130.25,1,27
2022-03-06,Manchester City 4:1 Manchester United,8,İlkay Gündogan,Midfielder,2,0,0,0,0,10.866666666666667,3.2,4.0,73.6,130.25,1,27
2022-03-06,Manchester City 4:1 Manchester United,16,Rodri,Midfielder,0,0,1,0,0,10.866666666666667,3.2,4.0,73.6,130.25,1,27
2022-03-06,Manchester City 4:1 Manchester United,17,Kevin De Bruyne,Midfielder/Forward,1,0,1,0,0,10.866666666666667,3.2,4.0,73.6,130.25,1,27
2022-03-06,Manchester City 4:1 Manchester United,20,Bernardo Silva,Midfielder/Forward,0,0,1,0,0,10.866666666666667,3.2,4.0,73.6,130.25,1,27
2022-03-06,Manchester City 4:1 Manchester United,7,Raheem Sterling,Midfielder/Forward,0,0,0,0,1,10.866666666666667,3.2,4.0,73.6,130.25,1,27
2022-03-06,Manchester City 4:1 Manchester United,9,Gabriel Jesus,Forward,0,0,0,0,1,10.866666666666667,3.2,4.0,73.6,130.25,1,27
2022-03-06,Manchester City 4:1 Manchester United,37,Kayky,Forward,0,0,0,0,1,10.866666666666667,3.2,4.0,73.6,130.25,1,27
2022-03-06,Manchester City 4:1 Manchester United,10,Jack Grealish,Midfielder/Forward,0,0,0,0,1,10.866666666666667,3.2,4.0,73.6,130.25,1,27
2022-03-14,Crystal Palace 0:0 Manchester City,31,Ederson,Goalkeeper,0,0,0,0,0,10.866666666666667,3.2,4.0,73.6,130.25,0,28
2022-03-14,Crystal Palace 0:0 Manchester City,6,Nathan Aké,Defender,0,0,0,0,0,10.866666666666667,3.2,4.0,73.6,130.25,0,28
2022-03-14,Crystal Palace 0:0 Manchester City,2,Kyle Walker,Defender,0,0,0,0,0,10.866666666666667,3.2,4.0,73.6,130.25,0,28
2022-03-14,Crystal Palace 0:0 Manchester City,3,Rúben Dias,Defender,0,0,0,0,0,10.866666666666667,3.2,4.0,73.6,130.25,0,28
2022-03-14,Crystal Palace 0:0 Manchester City,5,John Stones,Defender,0,0,0,0,0,10.866666666666667,3.2,4.0,73.6,130.25,0,28
2022-03-14,Crystal Palace 0:0 Manchester City,7,Raheem Sterling,Midfielder/Forward,0,0,0,0,0,10.866666666666667,3.2,4.0,73.6,130.25,0,28
2022-03-14,Crystal Palace 0:0 Manchester City,16,Rodri,Midfielder,0,0,1,0,0,10.866666666666667,3.2,4.0,73.6,130.25,0,28
2022-03-14,Crystal Palace 0:0 Manchester City,26,Riyad Mahrez,Midfielder/Forward,0,1,0,0,0,10.866666666666667,3.2,4.0,73.6,130.25,0,28
2022-03-14,Crystal Palace 0:0 Manchester City,47,Phil Foden,Midfielder/Forward,0,0,0,0,0,10.866666666666667,3.2,4.0,73.6,130.25,0,28
2022-03-14,Crystal Palace 0:0 Manchester City,20,Bernardo Silva,Midfielder/Forward,0,0,0,0,0,10.866666666666667,3.2,4.0,73.6,130.25,0,28
2022-03-14,Crystal Palace 0:0 Manchester City,17,Kevin De Bruyne,Midfielder/Forward,0,0,0,0,0,10.866666666666667,3.2,4.0,73.6,130.25,0,28
2022-03-14,Crystal Palace 0:0 Manchester City,7,Raheem Sterling,Midfielder/Forward,0,0,0,0,1,10.866666666666667,3.2,4.0,73.6,130.25,0,28
2022-03-14,Crystal Palace 0:0 Manchester City,26,Riyad Mahrez,Midfielder/Forward,0,0,0,0,1,10.866666666666667,3.2,4.0,73.6,130.25,0,28
2022-03-14,Crystal Palace 0:0 Manchester City,25,Fernandinho,Defender/Midfielder,0,0,0,0,1,10.866666666666667,3.2,4.0,73.6,130.25,0,28
2022-03-14,Crystal Palace 0:0 Manchester City,11,Olexsandr Zinchenko,Defender/Midfielder,0,0,0,0,1,10.866666666666667,3.2,4.0,73.6,130.25,0,28
2022-04-02,Burnley 0:2 Manchester City,31,Ederson,Goalkeeper,0,0,0,0,0,14.65,4.566666666666667,2.6666666666666665,21.4,178.1,2,29
2022-04-02,Burnley 0:2 Manchester City,5,John Stones,Defender,0,0,0,0,0,14.65,4.566666666666667,2.6666666666666665,21.4,178.1,2,29
2022-04-02,Burnley 0:2 Manchester City,14,Aymeric Laporte,Defender,0,0,1,0,0,14.65,4.566666666666667,2.6666666666666665,21.4,178.1,2,29
2022-04-02,Burnley 0:2 Manchester City,3,Rúben Dias,Defender,0,0,1,0,0,14.65,4.566666666666667,2.6666666666666665,21.4,178.1,2,29
2022-04-02,Burnley 0:2 Manchester City,2,Kyle Walker,Defender,1,0,0,0,0,14.65,4.566666666666667,2.6666666666666665,21.4,178.1,2,29
2022-04-02,Burnley 0:2 Manchester City,8,İlkay Gündogan,Midfielder,1,0,0,0,0,14.65,4.566666666666667,2.6666666666666665,21.4,178.1,2,29
2022-04-02,Burnley 0:2 Manchester City,7,Raheem Sterling,Midfielder/Forward,0,0,0,0,0,14.65,4.566666666666667,2.6666666666666665,21.4,178.1,2,29
2022-04-02,Burnley 0:2 Manchester City,10,Jack Grealish,Midfielder/Forward,0,0,0,0,0,14.65,4.566666666666667,2.6666666666666665,21.4,178.1,2,29
2022-04-02,Burnley 0:2 Manchester City,26,Riyad Mahrez,Midfielder/Forward,0,0,0,0,0,14.65,4.566666666666667,2.6666666666666665,21.4,178.1,2,29
2022-04-02,Burnley 0:2 Manchester City,7,Raheem Sterling,Midfielder/Forward,0,0,0,0,0,14.65,4.566666666666667,2.6666666666666665,21.4,178.1,2,29
2022-04-02,Burnley 0:2 Manchester City,17,Kevin De Bruyne,Midfielder/Forward,0,0,0,0,0,14.65,4.566666666666667,2.6666666666666665,21.4,178.1,2,29
2022-04-02,Burnley 0:2 Manchester City,6,Nathan Aké,Defender,0,0,0,0,1,14.65,4.566666666666667,2.6666666666666665,21.4,178.1,2,29
2022-04-02,Burnley 0:2 Manchester City,25,Fernandinho,Defender/Midfielder,0,0,0,0,1,14.65,4.566666666666667,2.6666666666666665,21.4,178.1,2,29
2022-04-02,Burnley 0:2 Manchester City,80,Cole Palmer,Midfielder/Forward,0,0,0,0,1,14.65,4.566666666666667,2.6666666666666665,21.4,178.1,2,29
2022-04-02,Burnley 0:2 Manchester City,7,Raheem Sterling,Midfielder/Forward,0,0,0,0,1,14.65,4.566666666666667,2.6666666666666665,21.4,178.1,2,29
2022-04-10,Manchester City 2:2 Liverpool,31,Ederson,Goalkeeper,0,0,0,0,0,14.65,4.566666666666667,2.6666666666666665,21.4,178.1,2,30
2022-04-10,Manchester City 2:2 Liverpool,3,Rúben Dias,Defender,0,0,0,0,0,14.65,4.566666666666667,2.6666666666666665,21.4,178.1,2,30
2022-04-10,Manchester City 2:2 Liverpool,27,João Cancelo,Defender,0,0,1,0,0,14.65,4.566666666666667,2.6666666666666665,21.4,178.1,2,30
2022-04-10,Manchester City 2:2 Liverpool,14,Aymeric Laporte,Defender,0,0,1,0,0,14.65,4.566666666666667,2.6666666666666665,21.4,178.1,2,30
2022-04-10,Manchester City 2:2 Liverpool,5,John Stones,Defender,0,0,0,0,0,14.65,4.566666666666667,2.6666666666666665,21.4,178.1,2,30
2022-04-10,Manchester City 2:2 Liverpool,7,Raheem Sterling,Midfielder/Forward,0,0,0,0,0,14.65,4.566666666666667,2.6666666666666665,21.4,178.1,2,30
2022-04-10,Manchester City 2:2 Liverpool,17,Kevin De Bruyne,Midfielder/Forward,1,0,0,0,0,14.65,4.566666666666667,2.6666666666666665,21.4,178.1,2,30
2022-04-10,Manchester City 2:2 Liverpool,47,Phil Foden,Midfielder/Forward,1,0,0,0,0,14.65,4.566666666666667,2.6666666666666665,21.4,178.1,2,30
2022-04-10,Manchester City 2:2 Liverpool,8,İlkay Gündogan,Midfielder,0,0,0,0,0,14.65,4.566666666666667,2.6666666666666665,21.4,178.1,2,30
2022-04-10,Manchester City 2:2 Liverpool,17,Kevin De Bruyne,Midfielder/Forward,1,0,0,0,0,14.65,4.566666666666667,2.6666666666666665,21.4,178.1,2,30
2022-04-10,Manchester City 2:2 Liverpool,47,Phil Foden,Midfielder/Forward,1,0,0,0,0,14.65,4.566666666666667,2.6666666666666665,21.4,178.1,2,30
2022-04-10,Manchester City 2:2 Liverpool,10,Jack Grealish,Midfielder/Forward,0,0,0,0,1,14.65,4.566666666666667,2.6666666666666665,21.4,178.1,2,30
2022-04-10,Manchester City 2:2 Liverpool,25,Fernandinho,Defender/Midfielder,0,0,0,0,1,14.65,4.566666666666667,2.6666666666666665,21.4,178.1,2,30
2022-04-10,Manchester City 2:2 Liverpool,7,Raheem Sterling,Midfielder/Forward,0,0,0,0,1,14.65,4.566666666666667,2.6666666666666665,21.4,178.1,2,30
2022-04-10,Manchester City 2:2 Liverpool,80,Cole Palmer,Midfielder/Forward,0,0,0,0,1,14.65,4.566666666666667,2.6666666666666665,21.4,178.1,2,30
2022-04-20,Manchester City 3:0 Brighton and Hove Albion,31,Ederson,Goalkeeper,0,0,0,0,0,14.65,4.566666666666667,2.6666666666666665,21.4,178.1,0,31
2022-04-20,Manchester City 3:0 Brighton and Hove Albion,6,Nathan Aké,Defender,0,0,0,0,0,14.65,4.566666666666667,2.6666666666666665,21.4,178.1,0,31
2022-04-20,Manchester City 3:0 Brighton and Hove Albion,2,Kyle Walker,Defender,0,0,0,0,0,14.65,4.566666666666667,2.6666666666666665,21.4,178.1,0,31
2022-04-20,Manchester City 3:0 Brighton and Hove Albion,3,Rúben Dias,Defender,0,0,0,0,0,14.65,4.566666666666667,2.6666666666666665,21.4,178.1,0,31
2022-04-20,Manchester City 3:0 Brighton and Hove Albion,27,João Cancelo,Defender,0,0,1,0,0,14.65,4.566666666666667,2.6666666666666665,21.4,178.1,0,31
2022-04-20,Manchester City 3:0 Brighton and Hove Albion,7,Raheem Sterling,Midfielder/Forward,0,0,0,0,0,14.65,4.566666666666667,2.6666666666666665,21.4,178.1,0,31
2022-04-20,Manchester City 3:0 Brighton and Hove Albion,26,Riyad Mahrez,Midfielder/Forward,0,0,0,0,0,14.65,4.566666666666667,2.6666666666666665,21.4,178.1,0,31
2022-04-20,Manchester City 3:0 Brighton and Hove Albion,10,Jack Grealish,Midfielder/Forward,0,0,0,0,0,14.65,4.566666666666667,2.6666666666666665,21.4,178.1,0,31
2022-04-20,Manchester City 3:0 Brighton and Hove Albion,20,Bernardo Silva,Midfielder/Forward,0,0,1,0,0,14.65,4.566666666666667,2.6666666666666665,21.4,178.1,0,31
2022-04-20,Manchester City 3:0 Brighton and Hove Albion,9,Gabriel Jesus,Forward,0,0,1,0,0,14.65,4.566666666666667,2.6666666666666665,21.4,178.1,0,31
2022-04-20,Manchester City 3:0 Brighton and Hove Albion,26,Riyad Mahrez,Midfielder/Forward,0,0,0,0,0,14.65,4.566666666666667,2.6666666666666665,21.4,178.1,0,31
2022-04-20,Manchester City 3:0 Brighton and Hove Albion,26,Riyad Mahrez,Midfielder/Forward,0,0,0,0,1,14.65,4.566666666666667,2.6666666666666665,21.4,178.1,0,31
2022-04-20,Manchester City 3:0 Brighton and Hove Albion,25,Fernandinho,Defender/Midfielder,0,0,0,0,1,14.65,4.566666666666667,2.6666666666666665,21.4,178.1,0,31
2022-04-20,Manchester City 3:0 Brighton and Hove Albion,6,Nathan Aké,Defender,0,0,0,0,1,14.65,4.566666666666667,2.6666666666666665,21.4,178.1,0,31
2022-04-20,Manchester City 3:0 Brighton and Hove Albion,47,Phil Foden,Midfielder/Forward,0,0,0,0,1,14.65,4.566666666666667,2.6666666666666665,21.4,178.1,0,31
2022-04-23,Manchester City 5:1 Watford,31,Ederson,Goalkeeper,0,0,1,0,0,14.65,4.566666666666667,2.6666666666666665,21.4,178.1,1,32
2022-04-23,Manchester City 5:1 Watford,2,Kyle Walker,Defender,0,0,1,0,0,14.65,4.566666666666667,2.6666666666666665,21.4,178.1,1,32
2022-04-23,Manchester City 5:1 Watford,14,Aymeric Laporte,Defender,1,0,0,1,0,14.65,4.566666666666667,2.6666666666666665,21.4,178.1,1,32
2022-04-23,Manchester City 5:1 Watford,27,João Cancelo,Defender,0,0,1,0,0,14.65,4.566666666666667,2.6666666666666665,21.4,178.1,1,32
2022-04-23,Manchester City 5:1 Watford,5,John Stones,Defender,0,0,0,0,0,14.65,4.566666666666667,2.6666666666666665,21.4,178.1,1,32
2022-04-23,Manchester City 5:1 Watford,16,Rodri,Midfielder,0,0,0,0,0,14.65,4.566666666666667,2.6666666666666665,21.4,178.1,1,32
2022-04-23,Manchester City 5:1 Watford,17,Kevin De Bruyne,Midfielder/Forward,0,0,0,0,0,14.65,4.566666666666667,2.6666666666666665,21.4,178.1,1,32
2022-04-23,Manchester City 5:1 Watford,47,Phil Foden,Midfielder/Forward,0,0,0,0,0,14.65,4.566666666666667,2.6666666666666665,21.4,178.1,1,32
2022-04-23,Manchester City 5:1 Watford,7,Raheem Sterling,Midfielder/Forward,2,0,0,0,0,14.65,4.566666666666667,2.6666666666666665,21.4,178.1,1,32
2022-04-23,Manchester City 5:1 Watford,26,Riyad Mahrez,Midfielder/Forward,2,0,0,0,0,14.65,4.566666666666667,2.6666666666666665,21.4,178.1,1,32
2022-04-23,Manchester City 5:1 Watford,10,Jack Grealish,Midfielder/Forward,0,0,0,0,0,14.65,4.566666666666667,2.6666666666666665,21.4,178.1,1,32
2022-04-23,Manchester City 5:1 Watford,10,Jack Grealish,Midfielder/Forward,0,0,0,0,1,14.65,4.566666666666667,2.6666666666666665,21.4,178.1,1,32
2022-04-23,Manchester City 5:1 Watford,47,Phil Foden,Midfielder/Forward,0,0,0,0,1,14.65,4.566666666666667,2.6666666666666665,21.4,178.1,1,32
2022-04-23,Manchester City 5:1 Watford,7,Raheem Sterling,Midfielder/Forward,0,0,0,0,1,14.65,4.566666666666667,2.6666666666666665,21.4,178.1,1,32
2022-04-23,Manchester City 5:1 Watford,25,Fernandinho,Defender/Midfielder,0,0,0,0,1,14.65,4.566666666666667,2.6666666666666665,21.4,178.1,1,32
2022-04-30,Leeds United 0:4 Manchester City,31,Ederson,Goalkeeper,0,0,0,0,0,14.65,4.566666666666667,2.6666666666666665,21.4,178.1,4,33
2022-04-30,Leeds United 0:4 Manchester City,3,Rúben Dias,Defender,1,0,0,0,0,14.65,4.566666666666667,2.6666666666666665,21.4,178.1,4,33
2022-04-30,Leeds United 0:4 Manchester City,5,John Stones,Defender,0,0,0,0,0,14.65,4.566666666666667,2.6666666666666665,21.4,178.1,4,33
2022-04-30,Leeds United 0:4 Manchester City,27,João Cancelo,Defender,0,0,0,0,0,14.65,4.566666666666667,2.6666666666666665,21.4,178.1,4,33
2022-04-30,Leeds United 0:4 Manchester City,6,Nathan Aké,Defender,0,0,0,0,0,14.65,4.566666666666667,2.6666666666666665,21.4,178.1,4,33
2022-04-30,Leeds United 0:4 Manchester City,10,Jack Grealish,Midfielder/Forward,0,0,0,0,0,14.65,4.566666666666667,2.6666666666666665,21.4,178.1,4,33
2022-04-30,Leeds United 0:4 Manchester City,8,İlkay Gündogan,Midfielder,0,0,0,0,0,14.65,4.566666666666667,2.6666666666666665,21.4,178.1,4,33
2022-04-30,Leeds United 0:4 Manchester City,7,Raheem Sterling,Midfielder/Forward,1,0,0,0,0,14.65,4.566666666666667,2.6666666666666665,21.4,178.1,4,33
2022-04-30,Leeds United 0:4 Manchester City,20,Bernardo Silva,Midfielder/Forward,1,0,0,0,0,14.65,4.566666666666667,2.6666666666666665,21.4,178.1,4,33
2022-04-30,Leeds United 0:4 Manchester City,26,Riyad Mahrez,Midfielder/Forward,2,1,0,0,0,14.65,4.566666666666667,2.6666666666666665,21.4,178.1,4,33
2022-04-30,Leeds United 0:4 Manchester City,17,Kevin De Bruyne,Midfielder/Forward,1,0,0,0,0,14.65,4.566666666666667,2.6666666666666665,21.4,178.1,4,33
2022-04-30,Leeds United 0:4 Manchester City,25,Fernandinho,Defender/Midfielder,0,0,0,0,1,14.65,4.566666666666667,2.6666666666666665,21.4,178.1,4,33
2022-04-30,Leeds United 0:4 Manchester City,7,Raheem Sterling,Midfielder/Forward,0,0,0,0,1,14.65,4.566666666666667,2.6666666666666665,21.4,178.1,4,33
2022-04-30,Leeds United 0:4 Manchester City,26,Riyad Mahrez,Midfielder/Forward,0,0,0,0,1,14.65,4.566666666666667,2.6666666666666665,21.4,178.1,4,33
2022-04-30,Leeds United 0:4 Manchester City,9,Gabriel Jesus,Forward,0,0,0,0,1,14.65,4.566666666666667,2.6666666666666665,21.4,178.1,4,33
2022-05-08,Manchester City 5:0 Newcastle United,31,Ederson,Goalkeeper,0,0,0,0,0,17.03333333333333,6.949999999999999,0.9166666666666666,22.616666666666667,217.05,0,34
2022-05-08,Manchester City 5:0 Newcastle United,2,Kyle Walker,Defender,0,0,0,0,0,17.03333333333333,6.949999999999999,0.9166666666666666,22.616666666666667,217.05,0,34
2022-05-08,Manchester City 5:0 Newcastle United,6,Nathan Aké,Defender,0,0,1,0,0,17.03333333333333,6.949999999999999,0.9166666666666666,22.616666666666667,217.05,0,34
2022-05-08,Manchester City 5:0 Newcastle United,3,Rúben Dias,Defender,0,0,0,0,0,17.03333333333333,6.949999999999999,0.9166666666666666,22.616666666666667,217.05,0,34
2022-05-08,Manchester City 5:0 Newcastle United,14,Aymeric Laporte,Defender,0,0,0,0,0,17.03333333333333,6.949999999999999,0.9166666666666666,22.616666666666667,217.05,0,34
2022-05-08,Manchester City 5:0 Newcastle United,17,Kevin De Bruyne,Midfielder/Forward,0,0,0,0,0,17.03333333333333,6.949999999999999,0.9166666666666666,22.616666666666667,217.05,0,34
2022-05-08,Manchester City 5:0 Newcastle United,10,Jack Grealish,Midfielder/Forward,0,0,0,0,0,17.03333333333333,6.949999999999999,0.9166666666666666,22.616666666666667,217.05,0,34
2022-05-08,Manchester City 5:0 Newcastle United,47,Phil Foden,Midfielder/Forward,0,0,0,0,0,17.03333333333333,6.949999999999999,0.9166666666666666,22.616666666666667,217.05,0,34
2022-05-08,Manchester City 5:0 Newcastle United,8,İlkay Gündogan,Midfielder,0,0,0,0,0,17.03333333333333,6.949999999999999,0.9166666666666666,22.616666666666667,217.05,0,34
2022-05-08,Manchester City 5:0 Newcastle United,20,Bernardo Silva,Midfielder/Forward,0,0,0,0,0,17.03333333333333,6.949999999999999,0.9166666666666666,22.616666666666667,217.05,0,34
2022-05-08,Manchester City 5:0 Newcastle United,17,Kevin De Bruyne,Midfielder/Forward,0,0,0,0,0,17.03333333333333,6.949999999999999,0.9166666666666666,22.616666666666667,217.05,0,34
2022-05-08,Manchester City 5:0 Newcastle United,25,Fernandinho,Defender/Midfielder,0,0,0,0,1,17.03333333333333,6.949999999999999,0.9166666666666666,22.616666666666667,217.05,0,34
2022-05-08,Manchester City 5:0 Newcastle United,26,Riyad Mahrez,Midfielder/Forward,0,0,0,0,1,17.03333333333333,6.949999999999999,0.9166666666666666,22.616666666666667,217.05,0,34
2022-05-08,Manchester City 5:0 Newcastle United,7,Raheem Sterling,Midfielder/Forward,0,0,0,0,1,17.03333333333333,6.949999999999999,0.9166666666666666,22.616666666666667,217.05,0,34
2022-05-08,Manchester City 5:0 Newcastle United,8,İlkay Gündogan,Midfielder,0,0,0,0,1,17.03333333333333,6.949999999999999,0.9166666666666666,22.616666666666667,217.05,0,34
2022-05-11,Wolverhampton Wanderers 1:5 Manchester City,31,Ederson,Goalkeeper,0,0,1,0,0,17.03333333333333,6.949999999999999,0.9166666666666666,22.616666666666667,217.05,5,35
2022-05-11,Wolverhampton Wanderers 1:5 Manchester City,6,Nathan Aké,Defender,0,0,0,0,0,17.03333333333333,6.949999999999999,0.9166666666666666,22.616666666666667,217.05,5,35
2022-05-11,Wolverhampton Wanderers 1:5 Manchester City,3,Rúben Dias,Defender,0,0,1,0,0,17.03333333333333,6.949999999999999,0.9166666666666666,22.616666666666667,217.05,5,35
2022-05-11,Wolverhampton Wanderers 1:5 Manchester City,5,John Stones,Defender,0,0,0,0,0,17.03333333333333,6.949999999999999,0.9166666666666666,22.616666666666667,217.05,5,35
2022-05-11,Wolverhampton Wanderers 1:5 Manchester City,14,Aymeric Laporte,Defender,1,0,0,0,0,17.03333333333333,6.949999999999999,0.9166666666666666,22.616666666666667,217.05,5,35
2022-05-11,Wolverhampton Wanderers 1:5 Manchester City,17,Kevin De Bruyne,Midfielder/Forward,0,0,0,0,0,17.03333333333333,6.949999999999999,0.9166666666666666,22.616666666666667,217.05,5,35
2022-05-11,Wolverhampton Wanderers 1:5 Manchester City,26,Riyad Mahrez,Midfielder/Forward,4,0,0,0,0,17.03333333333333,6.949999999999999,0.9166666666666666,22.616666666666667,217.05,5,35
2022-05-11,Wolverhampton Wanderers 1:5 Manchester City,20,Bernardo Silva,Midfielder/Forward,0,0,0,0,0,17.03333333333333,6.949999999999999,0.9166666666666666,22.616666666666667,217.05,5,35
2022-05-11,Wolverhampton Wanderers 1:5 Manchester City,47,Phil Foden,Midfielder/Forward,1,0,1,0,0,17.03333333333333,6.949999999999999,0.9166666666666666,22.616666666666667,217.05,5,35
2022-05-11,Wolverhampton Wanderers 1:5 Manchester City,20,Bernardo Silva,Midfielder/Forward,1,0,0,0,0,17.03333333333333,6.949999999999999,0.9166666666666666,22.616666666666667,217.05,5,35
2022-05-11,Wolverhampton Wanderers 1:5 Manchester City,17,Kevin De Bruyne,Midfielder/Forward,0,0,0,0,0,17.03333333333333,6.949999999999999,0.9166666666666666,22.616666666666667,217.05,5,35
2022-05-11,Wolverhampton Wanderers 1:5 Manchester City,25,Fernandinho,Defender/Midfielder,0,0,0,0,1,17.03333333333333,6.949999999999999,0.9166666666666666,22.616666666666667,217.05,5,35
2022-05-11,Wolverhampton Wanderers 1:5 Manchester City,47,Phil Foden,Midfielder/Forward,0,0,0,0,1,17.03333333333333,6.949999999999999,0.9166666666666666,22.616666666666667,217.05,5,35
2022-05-11,Wolverhampton Wanderers 1:5 Manchester City,26,Riyad Mahrez,Midfielder/Forward,0,0,0,0,1,17.03333333333333,6.949999999999999,0.9166666666666666,22.616666666666667,217.05,5,35
2022-05-11,Wolverhampton Wanderers 1:5 Manchester City,8,İlkay Gündogan,Midfielder,0,0,0,0,1,17.03333333333333,6.949999999999999,0.9166666666666666,22.616666666666667,217.05,5,35
2022-05-15,West Ham United 2:2 Manchester City,31,Ederson,Goalkeeper,0,0,1,0,0,17.03333333333333,6.949999999999999,0.9166666666666666,22.616666666666667,217.05,2,36
2022-05-15,West Ham United 2:2 Manchester City,3,Rúben Dias,Defender,0,0,0,0,0,17.03333333333333,6.949999999999999,0.9166666666666666,22.616666666666667,217.05,2,36
2022-05-15,West Ham United 2:2 Manchester City,14,Aymeric Laporte,Defender,0,0,0,0,0,17.03333333333333,6.949999999999999,0.9166666666666666,22.616666666666667,217.05,2,36
2022-05-15,West Ham United 2:2 Manchester City,2,Kyle Walker,Defender,0,0,0,1,0,17.03333333333333,6.949999999999999,0.9166666666666666,22.616666666666667,217.05,2,36
2022-05-15,West Ham United 2:2 Manchester City,27,João Cancelo,Defender,0,0,1,0,0,17.03333333333333,6.949999999999999,0.9166666666666666,22.616666666666667,217.05,2,36
2022-05-15,West Ham United 2:2 Manchester City,7,Raheem Sterling,Midfielder/Forward,0,0,0,0,0,17.03333333333333,6.949999999999999,0.9166666666666666,22.616666666666667,217.05,2,36
2022-05-15,West Ham United 2:2 Manchester City,8,İlkay Gündogan,Midfielder,1,0,0,0,0,17.03333333333333,6.949999999999999,0.9166666666666666,22.616666666666667,217.05,2,36
2022-05-15,West Ham United 2:2 Manchester City,26,Riyad Mahrez,Midfielder/Forward,0,0,0,0,0,17.03333333333333,6.949999999999999,0.9166666666666666,22.616666666666667,217.05,2,36
2022-05-15,West Ham United 2:2 Manchester City,10,Jack Grealish,Midfielder/Forward,1,0,0,0,0,17.03333333333333,6.949999999999999,0.9166666666666666,22.616666666666667,217.05,2,36
2022-05-15,West Ham United 2:2 Manchester City,17,Kevin De Bruyne,Midfielder/Forward,1,0,0,0,0,17.03333333333333,6.949999999999999,0.9166666666666666,22.616666666666667,217.05,2,36
2022-05-15,West Ham United 2:2 Manchester City,26,Riyad Mahrez,Midfielder/Forward,0,0,0,0,0,17.03333333333333,6.949999999999999,0.9166666666666666,22.616666666666667,217.05,2,36
2022-05-15,West Ham United 2:2 Manchester City,8,İlkay Gündogan,Midfielder,0,0,0,0,1,17.03333333333333,6.949999999999999,0.9166666666666666,22.616666666666667,217.05,2,36
2022-05-15,West Ham United 2:2 Manchester City,25,Fernandinho,Defender/Midfielder,0,0,0,0,1,17.03333333333333,6.949999999999999,0.9166666666666666,22.616666666666667,217.05,2,36
2022-05-15,West Ham United 2:2 Manchester City,26,Riyad Mahrez,Midfielder/Forward,0,0,0,0,1,17.03333333333333,6.949999999999999,0.9166666666666666,22.616666666666667,217.05,2,36
2022-05-22,Manchester City 3:2 Aston Villa,31,Ederson,Goalkeeper,0,0,0,0,0,17.03333333333333,6.949999999999999,0.9166666666666666,22.616666666666667,217.05,2,37
2022-05-22,Manchester City 3:2 Aston Villa,3,Rúben Dias,Defender,0,0,0,0,0,17.03333333333333,6.949999999999999,0.9166666666666666,22.616666666666667,217.05,2,37
2022-05-22,Manchester City 3:2 Aston Villa,27,João Cancelo,Defender,1,0,0,0,0,17.03333333333333,6.949999999999999,0.9166666666666666,22.616666666666667,217.05,2,37
2022-05-22,Manchester City 3:2 Aston Villa,14,Aymeric Laporte,Defender,0,0,0,0,0,17.03333333333333,6.949999999999999,0.9166666666666666,22.616666666666667,217.05,2,37
2022-05-22,Manchester City 3:2 Aston Villa,5,John Stones,Defender,0,0,0,0,0,17.03333333333333,6.949999999999999,0.9166666666666666,22.616666666666667,217.05,2,37
2022-05-22,Manchester City 3:2 Aston Villa,17,Kevin De Bruyne,Midfielder/Forward,1,0,0,0,0,17.03333333333333,6.949999999999999,0.9166666666666666,22.616666666666667,217.05,2,37
2022-05-22,Manchester City 3:2 Aston Villa,7,Raheem Sterling,Midfielder/Forward,1,0,1,0,0,17.03333333333333,6.949999999999999,0.9166666666666666,22.616666666666667,217.05,2,37
2022-05-22,Manchester City 3:2 Aston Villa,10,Jack Grealish,Midfielder/Forward,1,0,0,0,0,17.03333333333333,6.949999999999999,0.9166666666666666,22.616666666666667,217.05,2,37
2022-05-22,Manchester City 3:2 Aston Villa,16,Rodri,Midfielder,0,0,1,0,0,17.03333333333333,6.949999999999999,0.9166666666666666,22.616666666666667,217.05,2,37
2022-05-22,Manchester City 3:2 Aston Villa,7,Raheem Sterling,Midfielder/Forward,0,0,0,0,0,17.03333333333333,6.949999999999999,0.9166666666666666,22.616666666666667,217.05,2,37
2022-05-22,Manchester City 3:2 Aston Villa,26,Riyad Mahrez,Midfielder/Forward,0,0,0,0,0,17.03333333333333,6.949999999999999,0.9166666666666666,22.616666666666667,217.05,2,37
2022-05-22,Manchester City 3:2 Aston Villa,26,Riyad Mahrez,Midfielder/Forward,0,0,0,0,1,17.03333333333333,6.949999999999999,0.9166666666666666,22.616666666666667,217.05,2,37
2022-05-22,Manchester City 3:2 Aston Villa,25,Fernandinho,Defender/Midfielder,0,0,0,0,1,17.03333333333333,6.949999999999999,0.9166666666666666,22.616666666666667,217.05,2,37
